tables,as,as_label,Pull Request/Issue,parents_as,parents_as_label,references
skeleton,https://purl.org/ccf/ASCTB-TEMP_acetabular-fossa-of-os-coxa,acetabular fossa of os coxa,,UBERON:0001272,innominate bone,"https://fipat.library.dal.ca/ta2/, ISBN:9780323393225"
skeleton,https://purl.org/ccf/ASCTB-TEMP_acetabular-notch-of-os-coxa,acetabular notch of os coxa,,UBERON:0001272,innominate bone,"https://fipat.library.dal.ca/ta2/, ISBN:9780323393225"
skeleton,https://purl.org/ccf/ASCTB-TEMP_acetabulum-of-os-coxa,acetabulum of os coxa,,UBERON:0001272,innominate bone,"https://fipat.library.dal.ca/ta2/, ISBN:9780323393225"
skeleton,https://purl.org/ccf/ASCTB-TEMP_acromial-process-of-scapula,acromial process of scapula,,UBERON:0006849,scapula,"https://fipat.library.dal.ca/ta2/, ISBN:9780323393225"
skeleton,https://purl.org/ccf/ASCTB-TEMP_alae-of-sacrum,alae of sacrum,,UBERON:0003690,fused sacrum,"https://fipat.library.dal.ca/ta2/, ISBN:9780323393225"
skeleton,https://purl.org/ccf/ASCTB-TEMP_alveolar-border-of-mandible,alveolar border of mandible,,UBERON:0001684,mandible,"https://fipat.library.dal.ca/ta2/, ISBN:9780323393225"
skeleton,https://purl.org/ccf/ASCTB-TEMP_anterior-arch-of-first-cervical-vertebra,anterior arch of first cervical vertebra,,UBERON:0001092,vertebral bone 1,"https://fipat.library.dal.ca/ta2/, ISBN:9780323393225"
skeleton,https://purl.org/ccf/ASCTB-TEMP_anterior-clinoid-process-of-sphenoid-bone,anterior clinoid process of sphenoid bone,,UBERON:0001677,sphenoid bone,"https://fipat.library.dal.ca/ta2/, ISBN:9780323393225"
skeleton,https://purl.org/ccf/ASCTB-TEMP_anterior-ethmoidal-foramen-of-ethmoid-bone,anterior ethmoidal foramen of ethmoid bone,,UBERON:0001679,ethmoid bone,"https://fipat.library.dal.ca/ta2/, ISBN:9780323393225"
skeleton,https://purl.org/ccf/ASCTB-TEMP_anterior-gluteal-line-of-ilium-of-os-coxa,anterior gluteal line of ilium of os coxa,,UBERON:0001272,innominate bone,"https://fipat.library.dal.ca/ta2/, ISBN:9780323393225"
skeleton,https://purl.org/ccf/ASCTB-TEMP_anterior-inferior-iliac-spine-of-ilium-of-os-coxa,anterior inferior iliac spine of ilium of os coxa,,UBERON:0001272,innominate bone,"https://fipat.library.dal.ca/ta2/, ISBN:9780323393225"
skeleton,https://purl.org/ccf/ASCTB-TEMP_anterior-sacral-foramina-of-sacrum,anterior sacral foramina of sacrum,,UBERON:0003690,fused sacrum,"https://fipat.library.dal.ca/ta2/, ISBN:9780323393225"
skeleton,https://purl.org/ccf/ASCTB-TEMP_anterior-superior-iliac-spine-of-ilium-of-os-coxa,anterior superior iliac spine of ilium of os coxa,,UBERON:0001272,innominate bone,"https://fipat.library.dal.ca/ta2/, ISBN:9780323393225"
skeleton,https://purl.org/ccf/ASCTB-TEMP_anterior-tubercle-of-first-cervical-vertebra,anterior tubercle of first cervical vertebra,,UBERON:0001092,vertebral bone 1,"https://fipat.library.dal.ca/ta2/, ISBN:9780323393225"
skeleton,https://purl.org/ccf/ASCTB-TEMP_anterolateral-tubercle-of-tibia,anterolateral tubercle of tibia,,UBERON:0000979,tibia,"https://fipat.library.dal.ca/ta2/, ISBN:9780323393225"
skeleton,https://purl.org/ccf/ASCTB-TEMP_arcuate-line-of-ilium-of-os-coxa,arcuate line of ilium of os coxa,,UBERON:0001272,innominate bone,"https://fipat.library.dal.ca/ta2/, ISBN:9780323393225"
skeleton,https://purl.org/ccf/ASCTB-TEMP_articular-surface-for-cuboid-bone-of-calcaneus,articular surface for cuboid bone of calcaneus,,UBERON:0001450,calcaneus,"https://fipat.library.dal.ca/ta2/, ISBN:9780323393225"
skeleton,https://purl.org/ccf/ASCTB-TEMP_articular-tubercle-of-squamous-part-of-temporal-bone,articular tubercle of squamous part of temporal bone,,UBERON:0001678,temporal bone,"https://fipat.library.dal.ca/ta2/, ISBN:9780323393225"
skeleton,https://purl.org/ccf/ASCTB-TEMP_auricular-surface-of-ilium-of-os-coxa,auricular surface of ilium of os coxa,,UBERON:0001272,innominate bone,"https://fipat.library.dal.ca/ta2/, ISBN:9780323393225"
skeleton,https://purl.org/ccf/ASCTB-TEMP_base-of-first-distal-phalanx-of-foot,base of first distal phalanx of foot,,UBERON:0004315,distal phalanx of pedal digit 1,"https://fipat.library.dal.ca/ta2/, ISBN:9780323393225"
skeleton,https://purl.org/ccf/ASCTB-TEMP_base-of-first-distal-phalanx-of-hand,base of first distal phalanx of hand,,UBERON:0004337,distal phalanx of manual digit 1,"https://fipat.library.dal.ca/ta2/, ISBN:9780323393225"
skeleton,https://purl.org/ccf/ASCTB-TEMP_base-of-first-proximal-phalanx-of-foot,base of first proximal phalanx of foot,,UBERON:0004332,proximal phalanx of pedal digit 1,"https://fipat.library.dal.ca/ta2/, ISBN:9780323393225"
skeleton,https://purl.org/ccf/ASCTB-TEMP_base-of-first-proximal-phalanx-of-hand,base of first proximal phalanx of hand,,UBERON:0004338,proximal phalanx of manual digit 1,"https://fipat.library.dal.ca/ta2/, ISBN:9780323393225"
skeleton,https://purl.org/ccf/ASCTB-TEMP_body-of-calcaneus,body of calcaneus,,UBERON:0001450,calcaneus,"https://fipat.library.dal.ca/ta2/, ISBN:9780323393225"
skeleton,https://purl.org/ccf/ASCTB-TEMP_body-of-second-cervical-vertebra,body of second cervical vertebra,,UBERON:0001093,vertebral bone 2,"https://fipat.library.dal.ca/ta2/, ISBN:9780323393225"
skeleton,https://purl.org/ccf/ASCTB-TEMP_body-of-sphenoid-bone,body of sphenoid bone,,UBERON:0001677,sphenoid bone,"https://fipat.library.dal.ca/ta2/, ISBN:9780323393225"
skeleton,https://purl.org/ccf/ASCTB-TEMP_calcaneal-sulcus-of-calcaneus,calcaneal sulcus of calcaneus,,UBERON:0001450,calcaneus,"https://fipat.library.dal.ca/ta2/, ISBN:9780323393225"
skeleton,https://purl.org/ccf/ASCTB-TEMP_calcaneal-tuberosity-of-calcaneus,calcaneal tuberosity of calcaneus,,UBERON:0001450,calcaneus,"https://fipat.library.dal.ca/ta2/, ISBN:9780323393225"
skeleton,https://purl.org/ccf/ASCTB-TEMP_carotid-canal-of-petrous-part-of-temporal-bone,carotid canal of petrous part of temporal bone,,UBERON:0001678,temporal bone,"https://fipat.library.dal.ca/ta2/, ISBN:9780323393225"
skeleton,https://purl.org/ccf/ASCTB-TEMP_coccygeal-cornu-of-coccyx,coccygeal cornu of coccyx,,UBERON:0001350,coccyx,"https://fipat.library.dal.ca/ta2/, ISBN:9780323393225"
skeleton,https://purl.org/ccf/ASCTB-TEMP_coronoid-fossa-of-humerus,coronoid fossa of humerus,,UBERON:0005170,granulosa cell layer,"https://fipat.library.dal.ca/ta2/, ISBN:9780323393225"
skeleton,https://purl.org/ccf/ASCTB-TEMP_costal-groove-of-first-rib,costal groove of first rib,,UBERON:0002512,corpus luteum,"https://fipat.library.dal.ca/ta2/, ISBN:9780323393225"
skeleton,https://purl.org/ccf/ASCTB-TEMP_costal-groove-of-twelfth-rib,costal groove of twelfth rib,,UBERON:0004601,rib 1,"https://fipat.library.dal.ca/ta2/, ISBN:9780323393225"
skeleton,https://purl.org/ccf/ASCTB-TEMP_costal-notches-of-sternum,costal notches of sternum,,UBERON:0004611,rib 12,"https://fipat.library.dal.ca/ta2/, ISBN:9780323393225"
skeleton,https://purl.org/ccf/ASCTB-TEMP_costal-region-bone,costal region bone,,https://purl.org/ccf/ASCTB-TEMP_respiratory-diaphragm-muscle,respiratory diaphragm muscle,"https://fipat.library.dal.ca/ta2/, ISBN:9780323393225"
skeleton,https://purl.org/ccf/ASCTB-TEMP_cribiform-plate-of-ethmoid-bone,cribiform plate of ethmoid bone,,UBERON:0014477,thoracic skeleton,"https://fipat.library.dal.ca/ta2/, ISBN:9780323393225"
skeleton,https://purl.org/ccf/ASCTB-TEMP_crista-galla-of-ethmoid-bone,crista galla of ethmoid bone,,UBERON:0001679,ethmoid bone,"https://fipat.library.dal.ca/ta2/, ISBN:9780323393225"
skeleton,https://purl.org/ccf/ASCTB-TEMP_digastric-fossa-of-mandible,digastric fossa of mandible,,https://purl.org/ccf/ASCTB-TEMP_superior-ulnar-lymph-node,superior ulnar lymph node,"https://fipat.library.dal.ca/ta2/, ISBN:9780323393225"
skeleton,https://purl.org/ccf/ASCTB-TEMP_dorsum-sellae-of-sphenoid-bone,dorsum sellae of sphenoid bone,,UBERON:0001383,muscle of leg,"https://fipat.library.dal.ca/ta2/, ISBN:9780323393225"
skeleton,https://purl.org/ccf/ASCTB-TEMP_ethmoidal-air-cells-of-ethmoid-bone,ethmoidal air cells of ethmoid bone,,http://purl.org/sig/ont/fma/fma234924,Brachial lymphatic vessel,"https://fipat.library.dal.ca/ta2/, ISBN:9780323393225"
skeleton,https://purl.org/ccf/ASCTB-TEMP_ethmoidal-bulla-of-ethmoid-bone,ethmoidal bulla of ethmoid bone,,UBERON:0001679,ethmoid bone,"https://fipat.library.dal.ca/ta2/, ISBN:9780323393225"
skeleton,https://purl.org/ccf/ASCTB-TEMP_external-auditory-meatus-of-squamous-part-of-temporal-bone,external auditory meatus of squamous part of temporal bone,,UBERON:0002379,perineal muscle,"https://fipat.library.dal.ca/ta2/, ISBN:9780323393225"
skeleton,https://purl.org/ccf/ASCTB-TEMP_external-occipital-protuberance-of-squamous-part-of-occipital-bone,external occipital protuberance of squamous part of occipital bone,,UBERON:0002376,cranial muscle,"https://fipat.library.dal.ca/ta2/, ISBN:9780323393225"
skeleton,https://purl.org/ccf/ASCTB-TEMP_facet-of-eleventh-rib,facet of eleventh rib,,UBERON:0035404,superior hypophysial artery,"https://fipat.library.dal.ca/ta2/, ISBN:9780323393225"
skeleton,https://purl.org/ccf/ASCTB-TEMP_facet-of-first-rib,facet of first rib,,UBERON:0004610,rib 11,"https://fipat.library.dal.ca/ta2/, ISBN:9780323393225"
skeleton,https://purl.org/ccf/ASCTB-TEMP_facet-of-tenth-rib,facet of tenth rib,,UBERON:0004601,rib 1,"https://fipat.library.dal.ca/ta2/, ISBN:9780323393225"
skeleton,https://purl.org/ccf/ASCTB-TEMP_facet-of-twelfth-rib,facet of twelfth rib,,UBERON:0004609,rib 10,"https://fipat.library.dal.ca/ta2/, ISBN:9780323393225"
skeleton,https://purl.org/ccf/ASCTB-TEMP_fibular-facet-of-tibia,fibular facet of tibia,,UBERON:0004611,rib 12,"https://fipat.library.dal.ca/ta2/, ISBN:9780323393225"
skeleton,https://purl.org/ccf/ASCTB-TEMP_fibular-notch-of-tibia,fibular notch of tibia,,UBERON:0000979,tibia,"https://fipat.library.dal.ca/ta2/, ISBN:9780323393225"
skeleton,https://purl.org/ccf/ASCTB-TEMP_fibular-trochlea-of-calcaneus,fibular trochlea of calcaneus,,UBERON:0000979,tibia,"https://fipat.library.dal.ca/ta2/, ISBN:9780323393225"
skeleton,https://purl.org/ccf/ASCTB-TEMP_foramen-lacerum-of-sphenoid-bone,foramen lacerum of sphenoid bone,,http://purl.org/sig/ont/fma/fma43942,Plantar arch,"https://fipat.library.dal.ca/ta2/, ISBN:9780323393225"
skeleton,https://purl.org/ccf/ASCTB-TEMP_foramen-magnum-of-basilar-part-of-occipital-bone,foramen magnum of basilar part of occipital bone,,UBERON:0001677,sphenoid bone,"https://fipat.library.dal.ca/ta2/, ISBN:9780323393225"
skeleton,https://purl.org/ccf/ASCTB-TEMP_foramen-ovale-of-sphenoid-bone,foramen ovale of sphenoid bone,,UBERON:0001676,occipital bone,"https://fipat.library.dal.ca/ta2/, ISBN:9780323393225"
skeleton,https://purl.org/ccf/ASCTB-TEMP_foramen-rotundum-of-sphenoid-bone,foramen rotundum of sphenoid bone,,UBERON:0001677,sphenoid bone,"https://fipat.library.dal.ca/ta2/, ISBN:9780323393225"
skeleton,https://purl.org/ccf/ASCTB-TEMP_fossa-for-lacrimal-sac-of-lacrimal-bone,fossa for lacrimal sac of lacrimal bone,,UBERON:0001677,sphenoid bone,"https://fipat.library.dal.ca/ta2/, ISBN:9780323393225"
skeleton,https://purl.org/ccf/ASCTB-TEMP_free-part-of-arm-bone,free part of arm bone,,UBERON:0012419,taenia coli,"https://fipat.library.dal.ca/ta2/, ISBN:9780323393225"
skeleton,https://purl.org/ccf/ASCTB-TEMP_free-part-of-leg-bone,free part of leg bone,,UBERON:0003460,arm bone,"https://fipat.library.dal.ca/ta2/, ISBN:9780323393225"
skeleton,https://purl.org/ccf/ASCTB-TEMP_frontal-crest-of-frontal-bone,frontal crest of frontal bone,,UBERON:0010946,occipitofrontalis muscle,"https://fipat.library.dal.ca/ta2/, ISBN:9780323393225"
skeleton,https://purl.org/ccf/ASCTB-TEMP_frontal-sinus-of-frontal-bone,frontal sinus of frontal bone,,UBERON:0000209,tetrapod frontal bone,"https://fipat.library.dal.ca/ta2/, ISBN:9780323393225"
skeleton,https://purl.org/ccf/ASCTB-TEMP_glabella-of-frontal-bone,glabella of frontal bone,,UBERON:0001828,gingiva,"https://fipat.library.dal.ca/ta2/, ISBN:9780323393225"
skeleton,https://purl.org/ccf/ASCTB-TEMP_glenoid-fossa-of-scapula,glenoid fossa of scapula,,UBERON:0000209,tetrapod frontal bone,"https://fipat.library.dal.ca/ta2/, ISBN:9780323393225"
skeleton,https://purl.org/ccf/ASCTB-TEMP_gluteal-surface-of-ilium-of-os-coxa,gluteal surface of ilium of os coxa,,UBERON:0006849,scapula,"https://fipat.library.dal.ca/ta2/, ISBN:9780323393225"
skeleton,https://purl.org/ccf/ASCTB-TEMP_gluteal-tuberosity-of-femur,gluteal tuberosity of femur,,UBERON:0001272,innominate bone,"https://fipat.library.dal.ca/ta2/, ISBN:9780323393225"
skeleton,https://purl.org/ccf/ASCTB-TEMP_granula-foveaolae-of-parietal-bone,granula foveaolae of parietal bone,,UBERON:0000981,femur,"https://fipat.library.dal.ca/ta2/, ISBN:9780323393225"
skeleton,https://purl.org/ccf/ASCTB-TEMP_greater-cornu-of-hyoid-bone,greater cornu of hyoid bone,,UBERON:0000210,tetrapod parietal bone,"https://fipat.library.dal.ca/ta2/, ISBN:9780323393225"
skeleton,https://purl.org/ccf/ASCTB-TEMP_greater-palatine-canal-of-maxilla,greater palatine canal of maxilla,,UBERON:0001685,hyoid bone,"https://fipat.library.dal.ca/ta2/, ISBN:9780323393225"
skeleton,https://purl.org/ccf/ASCTB-TEMP_greater-palatine-foramen-of-palatine-bone,greater palatine foramen of palatine bone,,UBERON:0002397,maxilla,"https://fipat.library.dal.ca/ta2/, ISBN:9780323393225"
skeleton,https://purl.org/ccf/ASCTB-TEMP_greater-sciatic-notch-of-ilium-of-os-coxa,greater sciatic notch of ilium of os coxa,,UBERON:0001682,palatine bone,"https://fipat.library.dal.ca/ta2/, ISBN:9780323393225"
skeleton,https://purl.org/ccf/ASCTB-TEMP_greater-wings-of-sphenoid-bone,greater wings of sphenoid bone,,UBERON:0001272,innominate bone,"https://fipat.library.dal.ca/ta2/, ISBN:9780323393225"
skeleton,https://purl.org/ccf/ASCTB-TEMP_groove-for-fibularis-longus-tendon-of-cuboid,groove for fibularis longus tendon of cuboid,,UBERON:0001677,sphenoid bone,"https://fipat.library.dal.ca/ta2/, ISBN:9780323393225"
skeleton,https://purl.org/ccf/ASCTB-TEMP_groove-for-middle-meningeal-a-of-parietal-bone,groove for middle meningeal a. of parietal bone,,UBERON:0001455,cuboid bone,"https://fipat.library.dal.ca/ta2/, ISBN:9780323393225"
skeleton,https://purl.org/ccf/ASCTB-TEMP_groove-for-nasopalatine-nerve-of-vomer,groove for nasopalatine nerve of vomer,,UBERON:0000210,tetrapod parietal bone,"https://fipat.library.dal.ca/ta2/, ISBN:9780323393225"
skeleton,https://purl.org/ccf/ASCTB-TEMP_groove-for-posterior-deep-temporal-artery-of-squamous-part-of-temporal-bone,groove for posterior deep temporal artery of squamous part of temporal bone,uberon#3656,UBERON:0002396,vomer,"https://fipat.library.dal.ca/ta2/, ISBN:9780323393225"
skeleton,https://purl.org/ccf/ASCTB-TEMP_groove-for-sigmoid-sinus-of-mastoid-part-of-temporal-bone,groove for sigmoid sinus of mastoid part of temporal bone,,UBERON:0001678,temporal bone,"https://fipat.library.dal.ca/ta2/, ISBN:9780323393225"
skeleton,https://purl.org/ccf/ASCTB-TEMP_groove-for-subclavian-artery-of-first-rib,groove for subclavian artery of first rib,uberon#3656,UBERON:0001678,temporal bone,"https://fipat.library.dal.ca/ta2/, ISBN:9780323393225"
skeleton,https://purl.org/ccf/ASCTB-TEMP_groove-for-subclavian-vein-of-first-rib,groove for subclavian vein of first rib,uberon#3656,UBERON:0004601,rib 1,"https://fipat.library.dal.ca/ta2/, ISBN:9780323393225"
skeleton,https://purl.org/ccf/ASCTB-TEMP_groove-for-superior-sagittal-sinus-of-frontal-bone,groove for superior sagittal sinus of frontal bone,,UBERON:0004601,rib 1,"https://fipat.library.dal.ca/ta2/, ISBN:9780323393225"
skeleton,https://purl.org/ccf/ASCTB-TEMP_groove-for-superior-sagittal-sinus-of-parietal-bone,groove for superior sagittal sinus of parietal bone,,UBERON:0000209,tetrapod frontal bone,"https://fipat.library.dal.ca/ta2/, ISBN:9780323393225"
skeleton,https://purl.org/ccf/ASCTB-TEMP_groove-for-tendon-of-flexor-hallucis-longus-muscle-of-calcaneus,groove for tendon of flexor hallucis longus muscle of calcaneus,,UBERON:0000210,tetrapod parietal bone,"https://fipat.library.dal.ca/ta2/, ISBN:9780323393225"
skeleton,https://purl.org/ccf/ASCTB-TEMP_groove-for-transverse-sinus-of-squamous-part-of-occipital-bone,groove for transverse sinus of squamous part of occipital bone,,UBERON:0001450,calcaneus,"https://fipat.library.dal.ca/ta2/, ISBN:9780323393225"
skeleton,https://purl.org/ccf/ASCTB-TEMP_groove-for-vertebral-artery-of-first-cervical-vertebra,groove for vertebral artery of first cervical vertebra,uberon#3656,UBERON:0001676,occipital bone,"https://fipat.library.dal.ca/ta2/, ISBN:9780323393225"
skeleton,https://purl.org/ccf/ASCTB-TEMP_head-of-radius-of-radius,head of radius of radius,,UBERON:0000370,adductor magnus,"https://fipat.library.dal.ca/ta2/, ISBN:9780323393225"
skeleton,https://purl.org/ccf/ASCTB-TEMP_head-of-second-distal-phalanx-of-foot,head of second distal phalanx of foot,,UBERON:0001423,radius bone,"https://fipat.library.dal.ca/ta2/, ISBN:9780323393225"
skeleton,https://purl.org/ccf/ASCTB-TEMP_head-of-second-distal-phalanx-of-hand,head of second distal phalanx of hand,,UBERON:0004316,distal phalanx of pedal digit 2,"https://fipat.library.dal.ca/ta2/, ISBN:9780323393225"
skeleton,https://purl.org/ccf/ASCTB-TEMP_head-of-second-middle-phalanx-of-foot,head of second middle phalanx of foot,,UBERON:0004311,distal phalanx of manual digit 2,"https://fipat.library.dal.ca/ta2/, ISBN:9780323393225"
skeleton,https://purl.org/ccf/ASCTB-TEMP_head-of-second-middle-phalanx-of-hand,head of second middle phalanx of hand,,UBERON:0004324,middle phalanx of pedal digit 2,"https://fipat.library.dal.ca/ta2/, ISBN:9780323393225"
skeleton,https://purl.org/ccf/ASCTB-TEMP_head-of-third-middle-phalanx-of-hand,head of third middle phalanx of hand,,UBERON:0004320,middle phalanx of manual digit 2,"https://fipat.library.dal.ca/ta2/, ISBN:9780323393225"
skeleton,https://purl.org/ccf/ASCTB-TEMP_head-of-ulna-of-ulna,head of ulna of ulna,,UBERON:0004321,middle phalanx of manual digit 3,"https://fipat.library.dal.ca/ta2/, ISBN:9780323393225"
skeleton,https://purl.org/ccf/ASCTB-TEMP_hiatus-and-groove-of-petrous-part-of-temporal-bone-for-greater-petrosal-nerve,hiatus and groove of petrous part of temporal bone for greater petrosal nerve,,https://purl.org/ccf/ASCTB-TEMP_segmental-hepatic-artery,segmental hepatic artery,"https://fipat.library.dal.ca/ta2/, ISBN:9780323393225"
skeleton,https://purl.org/ccf/ASCTB-TEMP_hiatus-and-groove-of-petrous-part-of-temporal-bone-for-lesser-petrosal-nerve,hiatus and groove of petrous part of temporal bone for lesser petrosal nerve,,UBERON:0001678,temporal bone,"https://fipat.library.dal.ca/ta2/, ISBN:9780323393225"
skeleton,https://purl.org/ccf/ASCTB-TEMP_hyoid-region-bone,hyoid region bone,,http://purl.org/sig/ont/fma/fma8616,Trunk of right upper lobar artery,"https://fipat.library.dal.ca/ta2/, ISBN:9780323393225"
skeleton,https://purl.org/ccf/ASCTB-TEMP_hypoglossal-canal-of-basilar-part-of-occipital-bone,hypoglossal canal of basilar part of occipital bone,,https://purl.org/ccf/ASCTB-TEMP_neuromeningeal-trunk,neuromeningeal trunk,"https://fipat.library.dal.ca/ta2/, ISBN:9780323393225"
skeleton,https://purl.org/ccf/ASCTB-TEMP_hypophyseal-fossa-of-sphenoid-bone,hypophyseal fossa of sphenoid bone,,UBERON:0001676,occipital bone,"https://fipat.library.dal.ca/ta2/, ISBN:9780323393225"
skeleton,https://purl.org/ccf/ASCTB-TEMP_iliac-crest-of-ilium-of-os-coxa,iliac crest of ilium of os coxa,,UBERON:0001499,muscle of arm,"https://fipat.library.dal.ca/ta2/, ISBN:9780323393225"
skeleton,https://purl.org/ccf/ASCTB-TEMP_iliac-fossa-of-ilium-of-os-coxa,iliac fossa of ilium of os coxa,,UBERON:0001272,innominate bone,"https://fipat.library.dal.ca/ta2/, ISBN:9780323393225"
skeleton,https://purl.org/ccf/ASCTB-TEMP_iliac-tubercle-of-ilium-of-os-coxa,iliac tubercle of ilium of os coxa,,UBERON:0001272,innominate bone,"https://fipat.library.dal.ca/ta2/, ISBN:9780323393225"
skeleton,https://purl.org/ccf/ASCTB-TEMP_iliac-tuberosity-of-ilium-of-os-coxa,iliac tuberosity of ilium of os coxa,,UBERON:0001272,innominate bone,"https://fipat.library.dal.ca/ta2/, ISBN:9780323393225"
skeleton,https://purl.org/ccf/ASCTB-TEMP_iliopubic-ramus-of-os-coxa,iliopubic ramus of os coxa,,http://purl.org/sig/ont/fma/fma71302,Erector spinae muscle group,"https://fipat.library.dal.ca/ta2/, ISBN:9780323393225"
skeleton,https://purl.org/ccf/ASCTB-TEMP_incisive-foramen-of-maxilla,incisive foramen of maxilla,,UBERON:0001272,innominate bone,"https://fipat.library.dal.ca/ta2/, ISBN:9780323393225"
skeleton,https://purl.org/ccf/ASCTB-TEMP_inferior-articular-facet-of-eighth-thoracic-vertebra,inferior articular facet of eighth thoracic vertebra,,UBERON:0014685,pterygoid plexus,"https://fipat.library.dal.ca/ta2/, ISBN:9780323393225"
skeleton,https://purl.org/ccf/ASCTB-TEMP_inferior-articular-facet-of-eleventh-thoracic-vertebra,inferior articular facet of eleventh thoracic vertebra,,UBERON:0011050,thoracic vertebra 8,"https://fipat.library.dal.ca/ta2/, ISBN:9780323393225"
skeleton,https://purl.org/ccf/ASCTB-TEMP_inferior-articular-facet-of-fifth-cervical-vertebra,inferior articular facet of fifth cervical vertebra,,UBERON:0004635,thoracic vertebra 11,"https://fipat.library.dal.ca/ta2/, ISBN:9780323393225"
skeleton,https://purl.org/ccf/ASCTB-TEMP_inferior-articular-facet-of-fifth-thoracic-vertebra,inferior articular facet of fifth thoracic vertebra,,UBERON:0004614,mammalian cervical vertebra 5,"https://fipat.library.dal.ca/ta2/, ISBN:9780323393225"
skeleton,https://purl.org/ccf/ASCTB-TEMP_inferior-articular-facet-of-first-cervical-vertebra,inferior articular facet of first cervical vertebra,,UBERON:0004630,thoracic vertebra 5,"https://fipat.library.dal.ca/ta2/, ISBN:9780323393225"
skeleton,https://purl.org/ccf/ASCTB-TEMP_inferior-articular-facet-of-first-thoracic-vertebra,inferior articular facet of first thoracic vertebra,,UBERON:0001092,vertebral bone 1,"https://fipat.library.dal.ca/ta2/, ISBN:9780323393225"
skeleton,https://purl.org/ccf/ASCTB-TEMP_inferior-articular-facet-of-fourth-cervical-vertebra,inferior articular facet of fourth cervical vertebra,,UBERON:0004626,thoracic vertebra 1,"https://fipat.library.dal.ca/ta2/, ISBN:9780323393225"
skeleton,https://purl.org/ccf/ASCTB-TEMP_inferior-articular-facet-of-fourth-thoracic-vertebra,inferior articular facet of fourth thoracic vertebra,,UBERON:0004613,mammalian cervical vertebra 4,"https://fipat.library.dal.ca/ta2/, ISBN:9780323393225"
skeleton,https://purl.org/ccf/ASCTB-TEMP_inferior-articular-facet-of-ninth-thoracic-vertebra,inferior articular facet of ninth thoracic vertebra,,UBERON:0004629,thoracic vertebra 4,"https://fipat.library.dal.ca/ta2/, ISBN:9780323393225"
skeleton,https://purl.org/ccf/ASCTB-TEMP_inferior-articular-facet-of-second-cervical-vertebra,inferior articular facet of second cervical vertebra,,UBERON:0004633,thoracic vertebra 9,"https://fipat.library.dal.ca/ta2/, ISBN:9780323393225"
skeleton,https://purl.org/ccf/ASCTB-TEMP_inferior-articular-facet-of-second-thoracic-vertebra,inferior articular facet of second thoracic vertebra,,UBERON:0001093,vertebral bone 2,"https://fipat.library.dal.ca/ta2/, ISBN:9780323393225"
skeleton,https://purl.org/ccf/ASCTB-TEMP_inferior-articular-facet-of-seventh-cervical-vertebra,inferior articular facet of seventh cervical vertebra,,UBERON:0004627,thoracic vertebra 2,"ISBN:9780323393225, https://fipat.library.dal.ca/ta2/"
skeleton,https://purl.org/ccf/ASCTB-TEMP_inferior-articular-facet-of-seventh-thoracic-vertebra,inferior articular facet of seventh thoracic vertebra,,UBERON:0004616,mammalian cervical vertebra 7,"https://fipat.library.dal.ca/ta2/, ISBN:9780323393225"
skeleton,https://purl.org/ccf/ASCTB-TEMP_inferior-articular-facet-of-sixth-cervical-vertebra,inferior articular facet of sixth cervical vertebra,,UBERON:0004632,thoracic vertebra 7,"https://fipat.library.dal.ca/ta2/, ISBN:9780323393225"
skeleton,https://purl.org/ccf/ASCTB-TEMP_inferior-articular-facet-of-sixth-thoracic-vertebra,inferior articular facet of sixth thoracic vertebra,,UBERON:0004615,mammalian cervical vertebra 6,"https://fipat.library.dal.ca/ta2/, ISBN:9780323393225"
skeleton,https://purl.org/ccf/ASCTB-TEMP_inferior-articular-facet-of-tenth-thoracic-vertebra,inferior articular facet of tenth thoracic vertebra,,UBERON:0004631,thoracic vertebra 6,"https://fipat.library.dal.ca/ta2/, ISBN:9780323393225"
skeleton,https://purl.org/ccf/ASCTB-TEMP_inferior-articular-facet-of-third-cervical-vertebra,inferior articular facet of third cervical vertebra,,UBERON:0004634,thoracic vertebra 10,"https://fipat.library.dal.ca/ta2/, ISBN:9780323393225"
skeleton,https://purl.org/ccf/ASCTB-TEMP_inferior-articular-facet-of-third-thoracic-vertebra,inferior articular facet of third thoracic vertebra,,UBERON:0004612,mammalian cervical vertebra 3,"https://fipat.library.dal.ca/ta2/, ISBN:9780323393225"
skeleton,https://purl.org/ccf/ASCTB-TEMP_inferior-articular-facet-of-twelfth-thoracic-vertebra,inferior articular facet of twelfth thoracic vertebra,,UBERON:0004628,thoracic vertebra 3,"https://fipat.library.dal.ca/ta2/, ISBN:9780323393225"
skeleton,https://purl.org/ccf/ASCTB-TEMP_inferior-articular-process-of-first-cervical-vertebra,inferior articular process of first cervical vertebra,,UBERON:0004636,thoracic vertebra 12,"https://fipat.library.dal.ca/ta2/, ISBN:9780323393225"
skeleton,https://purl.org/ccf/ASCTB-TEMP_inferior-articular-process-of-second-cervical-vertebra,inferior articular process of second cervical vertebra,,UBERON:0001092,vertebral bone 1,"https://fipat.library.dal.ca/ta2/, ISBN:9780323393225"
skeleton,https://purl.org/ccf/ASCTB-TEMP_inferior-costal-facet-of-eleventh-thoracic-vertebra,inferior costal facet of eleventh thoracic vertebra,,UBERON:0001093,vertebral bone 2,"https://fipat.library.dal.ca/ta2/, ISBN:9780323393225"
skeleton,https://purl.org/ccf/ASCTB-TEMP_inferior-costal-facet-of-tenth-thoracic-vertebra,inferior costal facet of tenth thoracic vertebra,,UBERON:0004635,thoracic vertebra 11,"https://fipat.library.dal.ca/ta2/, ISBN:9780323393225"
skeleton,https://purl.org/ccf/ASCTB-TEMP_inferior-mental-spine-of-mandible,inferior mental spine of mandible,,UBERON:0001576,intrinsic muscle of tongue,"https://fipat.library.dal.ca/ta2/, ISBN:9780323393225"
skeleton,https://purl.org/ccf/ASCTB-TEMP_inferior-nuchal-line-of-squamous-part-of-occipital-bone,inferior nuchal line of squamous part of occipital bone,,UBERON:0001684,mandible,"https://fipat.library.dal.ca/ta2/, ISBN:9780323393225"
skeleton,https://purl.org/ccf/ASCTB-TEMP_inferior-pubic-ramus-of-pubis-of-os-coxa,inferior pubic ramus of pubis of os coxa,,https://purl.org/ccf/ASCTB-TEMP_pharyngeal-trunk,pharyngeal trunk,"https://fipat.library.dal.ca/ta2/, ISBN:9780323393225"
skeleton,https://purl.org/ccf/ASCTB-TEMP_inferior-vertebral-notch-of-first-cervical-vertebra,inferior vertebral notch of first cervical vertebra,,UBERON:0001639,hepatic portal vein,"https://fipat.library.dal.ca/ta2/, ISBN:9780323393225"
skeleton,https://purl.org/ccf/ASCTB-TEMP_infraglenoid-tubercle-of-scapula,infraglenoid tubercle of scapula,,UBERON:0001092,vertebral bone 1,"https://fipat.library.dal.ca/ta2/, ISBN:9780323393225"
skeleton,https://purl.org/ccf/ASCTB-TEMP_infraorbital-canal-of-maxilla,infraorbital canal of maxilla,,UBERON:0006849,scapula,"https://fipat.library.dal.ca/ta2/, ISBN:9780323393225"
skeleton,https://purl.org/ccf/ASCTB-TEMP_infraorbital-foramen-of-maxilla,infraorbital foramen of maxilla,,UBERON:0002397,maxilla,"https://fipat.library.dal.ca/ta2/, ISBN:9780323393225"
skeleton,https://purl.org/ccf/ASCTB-TEMP_infraorbital-groove-of-maxilla,infraorbital groove of maxilla,,UBERON:0002397,maxilla,"https://fipat.library.dal.ca/ta2/, ISBN:9780323393225"
skeleton,https://purl.org/ccf/ASCTB-TEMP_infraspinous-fossa-of-scapula,infraspinous fossa of scapula,,UBERON:0014685,pterygoid plexus,"https://fipat.library.dal.ca/ta2/, ISBN:9780323393225"
skeleton,https://purl.org/ccf/ASCTB-TEMP_intercondylar-notch-of-femur,intercondylar notch of femur,,https://purl.org/ccf/ASCTB-TEMP_submandibular-gland-ducto-acinar,submandibular gland ducto-acinar,"https://fipat.library.dal.ca/ta2/, ISBN:9780323393225"
skeleton,https://purl.org/ccf/ASCTB-TEMP_intermaxillary-suture-of-maxilla,intermaxillary suture of maxilla,,http://purl.org/sig/ont/fma/fma70929,Set of pancreatic veins,"https://fipat.library.dal.ca/ta2/, ISBN:9780323393225"
skeleton,https://purl.org/ccf/ASCTB-TEMP_intermediate-sacral-crest-of-sacrum,intermediate sacral crest of sacrum,,UBERON:0002324,muscle of back,"https://fipat.library.dal.ca/ta2/, ISBN:9780323393225"
skeleton,https://purl.org/ccf/ASCTB-TEMP_internal-auditory-meatus-of-petrous-part-of-temporal-bone,internal auditory meatus of petrous part of temporal bone,,UBERON:0002461,anterior abdominal wall muscle,"https://fipat.library.dal.ca/ta2/, ISBN:9780323393225"
skeleton,https://purl.org/ccf/ASCTB-TEMP_internal-occipital-protuberance-of-squamous-part-of-occipital-bone,internal occipital protuberance of squamous part of occipital bone,,UBERON:0001678,temporal bone,"https://fipat.library.dal.ca/ta2/, ISBN:9780323393225"
skeleton,https://purl.org/ccf/ASCTB-TEMP_interosseus-border-of-tibia,interosseus border of tibia,,https://purl.org/ccf/ASCTB-TEMP_external-primary-capillary-plexus-of-median-eminence,external primary capillary plexus of median eminence,"https://fipat.library.dal.ca/ta2/, ISBN:9780323393225"
skeleton,https://purl.org/ccf/ASCTB-TEMP_ischial-body-of-ischium-of-os-coxa,ischial body of ischium of os coxa,,UBERON:0002376,cranial muscle,"https://fipat.library.dal.ca/ta2/, ISBN:9780323393225"
skeleton,https://purl.org/ccf/ASCTB-TEMP_ischial-ramus-of-ischium-of-os-coxa,ischial ramus of ischium of os coxa,,UBERON:0001272,innominate bone,"https://fipat.library.dal.ca/ta2/, ISBN:9780323393225"
skeleton,https://purl.org/ccf/ASCTB-TEMP_ischial-spine-of-ischium-of-os-coxa,ischial spine of ischium of os coxa,,UBERON:0001272,innominate bone,"https://fipat.library.dal.ca/ta2/, ISBN:9780323393225"
skeleton,https://purl.org/ccf/ASCTB-TEMP_ischial-tuberosity-of-ischium-of-os-coxa,ischial tuberosity of ischium of os coxa,,UBERON:0001272,innominate bone,"https://fipat.library.dal.ca/ta2/, ISBN:9780323393225"
skeleton,https://purl.org/ccf/ASCTB-TEMP_ischiopubic-ramus-of-os-coxa,ischiopubic ramus of os coxa,,UBERON:0001272,innominate bone,"https://fipat.library.dal.ca/ta2/, ISBN:9780323393225"
skeleton,https://purl.org/ccf/ASCTB-TEMP_jugular-foramen-of-basilar-part-of-occipital-bone,jugular foramen of basilar part of occipital bone,,https://purl.org/ccf/ASCTB-TEMP_neuromeningeal-trunk,neuromeningeal trunk,"https://fipat.library.dal.ca/ta2/, ISBN:9780323393225"
skeleton,https://purl.org/ccf/ASCTB-TEMP_jugular-foramen-of-petrous-part-of-temporal-bone,jugular foramen of petrous part of temporal bone,,UBERON:0001676,occipital bone,"https://fipat.library.dal.ca/ta2/, ISBN:9780323393225"
skeleton,https://purl.org/ccf/ASCTB-TEMP_lacrimal-fossa-of-frontal-bone,lacrimal fossa of frontal bone,,UBERON:0001678,temporal bone,"https://fipat.library.dal.ca/ta2/, ISBN:9780323393225"
skeleton,https://purl.org/ccf/ASCTB-TEMP_lamina-of-first-cervical-vertebra,lamina of first cervical vertebra,,UBERON:0000209,tetrapod frontal bone,"https://fipat.library.dal.ca/ta2/, ISBN:9780323393225"
skeleton,https://purl.org/ccf/ASCTB-TEMP_lamina-of-second-cervical-vertebra,lamina of second cervical vertebra,,UBERON:0001092,vertebral bone 1,"https://fipat.library.dal.ca/ta2/, ISBN:9780323393225"
skeleton,https://purl.org/ccf/ASCTB-TEMP_lateral-process-of-tuberosity-of-calcaneus,lateral process of tuberosity of calcaneus,,https://purl.org/ccf/ASCTB-TEMP_segmental-back-muscle,segmental back muscle,"https://fipat.library.dal.ca/ta2/, ISBN:9780323393225"
skeleton,https://purl.org/ccf/ASCTB-TEMP_lateral-pterygoid-plate-of-sphenoid-bone,lateral pterygoid plate of sphenoid bone,,https://purl.org/ccf/ASCTB-TEMP_third-common-plantar-digital-artery,third common plantar digital artery,"https://fipat.library.dal.ca/ta2/, ISBN:9780323393225"
skeleton,https://purl.org/ccf/ASCTB-TEMP_lateral-sacral-crest-of-sacrum,lateral sacral crest of sacrum,,UBERON:0001677,sphenoid bone,"https://fipat.library.dal.ca/ta2/, ISBN:9780323393225"
skeleton,https://purl.org/ccf/ASCTB-TEMP_lesser-cornu-of-hyoid-bone,lesser cornu of hyoid bone,,https://purl.org/ccf/ASCTB-TEMP_left-anterior-mediastinal-lymph-node,left anterior mediastinal lymph node,"https://fipat.library.dal.ca/ta2/, ISBN:9780323393225"
skeleton,https://purl.org/ccf/ASCTB-TEMP_lesser-palatine-foramen-of-palatine-bone,lesser palatine foramen of palatine bone,,UBERON:0001685,hyoid bone,"https://fipat.library.dal.ca/ta2/, ISBN:9780323393225"
skeleton,https://purl.org/ccf/ASCTB-TEMP_lesser-sciatic-notch-of-ischium-of-os-coxa,lesser sciatic notch of ischium of os coxa,,UBERON:0001682,palatine bone,"https://fipat.library.dal.ca/ta2/, ISBN:9780323393225"
skeleton,https://purl.org/ccf/ASCTB-TEMP_lesser-wings-of-sphenoid-bone,lesser wings of sphenoid bone,,UBERON:0001272,innominate bone,"https://fipat.library.dal.ca/ta2/, ISBN:9780323393225"
skeleton,https://purl.org/ccf/ASCTB-TEMP_linea-terminalis-of-sacrum,linea terminalis of sacrum,,https://purl.org/ccf/ASCTB-TEMP_levator-costarum-muscle,levator costarum muscle,"https://fipat.library.dal.ca/ta2/, ISBN:9780323393225"
skeleton,https://purl.org/ccf/ASCTB-TEMP_lunate-surface-of-os-coxa,lunate surface of os coxa,,https://purl.org/ccf/ASCTB-TEMP_anterior-vertebral-muscle,anterior vertebral muscle,"https://fipat.library.dal.ca/ta2/, ISBN:9780323393225"
skeleton,https://purl.org/ccf/ASCTB-TEMP_mammillary-process-of-fifth-lumbar-vertebra,mammillary process of fifth lumbar vertebra,,UBERON:0004621,lumbar vertebra 5,"https://fipat.library.dal.ca/ta2/, ISBN:9780323393225"
skeleton,https://purl.org/ccf/ASCTB-TEMP_mammillary-process-of-first-lumbar-vertebra,mammillary process of first lumbar vertebra,,UBERON:0004617,lumbar vertebra 1,"https://fipat.library.dal.ca/ta2/, ISBN:9780323393225"
skeleton,https://purl.org/ccf/ASCTB-TEMP_mammillary-process-of-fourth-lumbar-vertebra,mammillary process of fourth lumbar vertebra,,UBERON:0004620,lumbar vertebra 4,"https://fipat.library.dal.ca/ta2/, ISBN:9780323393225"
skeleton,https://purl.org/ccf/ASCTB-TEMP_mammillary-process-of-second-lumbar-vertebra,mammillary process of second lumbar vertebra,,UBERON:0004618,lumbar vertebra 2,"https://fipat.library.dal.ca/ta2/, ISBN:9780323393225"
skeleton,https://purl.org/ccf/ASCTB-TEMP_mammillary-process-of-third-lumbar-vertebra,mammillary process of third lumbar vertebra,,UBERON:0004619,lumbar vertebra 3,"https://fipat.library.dal.ca/ta2/, ISBN:9780323393225"
skeleton,https://purl.org/ccf/ASCTB-TEMP_mandibular-angle-of-mandible,mandibular angle of mandible,,UBERON:0001684,mandible,"https://fipat.library.dal.ca/ta2/, ISBN:9780323393225"
skeleton,https://purl.org/ccf/ASCTB-TEMP_mandibular-canal-of-mandible,mandibular canal of mandible,,UBERON:0001684,mandible,"https://fipat.library.dal.ca/ta2/, ISBN:9780323393225"
skeleton,https://purl.org/ccf/ASCTB-TEMP_mandibular-condyle-of-mandible,mandibular condyle of mandible,,UBERON:0001684,mandible,"https://fipat.library.dal.ca/ta2/, ISBN:9780323393225"
skeleton,https://purl.org/ccf/ASCTB-TEMP_mandibular-foramen-of-mandible,mandibular foramen of mandible,,UBERON:0001684,mandible,"https://fipat.library.dal.ca/ta2/, ISBN:9780323393225"
skeleton,https://purl.org/ccf/ASCTB-TEMP_mandibular-fossa-of-squamous-part-of-temporal-bone,mandibular fossa of squamous part of temporal bone,,UBERON:0001678,temporal bone,"https://fipat.library.dal.ca/ta2/, ISBN:9780323393225"
skeleton,https://purl.org/ccf/ASCTB-TEMP_mandibular-neck-of-mandible,mandibular neck of mandible,,UBERON:0001684,mandible,"https://fipat.library.dal.ca/ta2/, ISBN:9780323393225"
skeleton,https://purl.org/ccf/ASCTB-TEMP_mandibular-notch-of-mandible,mandibular notch of mandible,,UBERON:0001684,mandible,"https://fipat.library.dal.ca/ta2/, ISBN:9780323393225"
skeleton,https://purl.org/ccf/ASCTB-TEMP_mastoid-foramen-of-mastoid-part-of-temporal-bone,mastoid foramen of mastoid part of temporal bone,,UBERON:0001678,temporal bone,"https://fipat.library.dal.ca/ta2/, ISBN:9780323393225"
skeleton,https://purl.org/ccf/ASCTB-TEMP_mastoid-notch-of-mastoid-part-of-temporal-bone,mastoid notch of mastoid part of temporal bone,,UBERON:0001678,temporal bone,"https://fipat.library.dal.ca/ta2/, ISBN:9780323393225"
skeleton,https://purl.org/ccf/ASCTB-TEMP_mastoid-process-of-mastoid-part-of-temporal-bone,mastoid process of mastoid part of temporal bone,,UBERON:0001678,temporal bone,"https://fipat.library.dal.ca/ta2/, ISBN:9780323393225"
skeleton,https://purl.org/ccf/ASCTB-TEMP_maxillary-sinus-of-maxilla,maxillary sinus of maxilla,,UBERON:0002397,maxilla,"https://fipat.library.dal.ca/ta2/, ISBN:9780323393225"
skeleton,https://purl.org/ccf/ASCTB-TEMP_medial-malleolus-of-tibia,medial malleolus of tibia,,UBERON:0000979,tibia,"https://fipat.library.dal.ca/ta2/, ISBN:9780323393225"
skeleton,https://purl.org/ccf/ASCTB-TEMP_medial-process-of-tuberosity-of-calcaneus,medial process of tuberosity of calcaneus,,UBERON:0001450,calcaneus,"https://fipat.library.dal.ca/ta2/, ISBN:9780323393225"
skeleton,https://purl.org/ccf/ASCTB-TEMP_medial-pterygoid-plate-of-sphenoid-bone,medial pterygoid plate of sphenoid bone,,UBERON:0001677,sphenoid bone,"https://fipat.library.dal.ca/ta2/, ISBN:9780323393225"
skeleton,https://purl.org/ccf/ASCTB-TEMP_median-sacral-crest-of-sacrum,median sacral crest of sacrum,,UBERON:0003690,fused sacrum,"https://fipat.library.dal.ca/ta2/, ISBN:9780323393225"
skeleton,https://purl.org/ccf/ASCTB-TEMP_mental-foramen-of-mandible,mental foramen of mandible,,UBERON:0001684,mandible,"https://fipat.library.dal.ca/ta2/, ISBN:9780323393225"
skeleton,https://purl.org/ccf/ASCTB-TEMP_mental-protuberance-of-mandible,mental protuberance of mandible,,UBERON:0001684,mandible,"https://fipat.library.dal.ca/ta2/, ISBN:9780323393225"
skeleton,https://purl.org/ccf/ASCTB-TEMP_middle-nasal-concha-of-ethmoid-bone,middle nasal concha of ethmoid bone,,UBERON:0001679,ethmoid bone,"https://fipat.library.dal.ca/ta2/, ISBN:9780323393225"
skeleton,https://purl.org/ccf/ASCTB-TEMP_mylohyoid-groove-of-mandible,mylohyoid groove of mandible,,UBERON:0001684,mandible,"https://fipat.library.dal.ca/ta2/, ISBN:9780323393225"
skeleton,https://purl.org/ccf/ASCTB-TEMP_mylohyoid-line-of-mandible,mylohyoid line of mandible,,UBERON:0001684,mandible,"https://fipat.library.dal.ca/ta2/, ISBN:9780323393225"
skeleton,https://purl.org/ccf/ASCTB-TEMP_nasolacrimal-canal-of-maxilla,nasolacrimal canal of maxilla,,UBERON:0002397,maxilla,"https://fipat.library.dal.ca/ta2/, ISBN:9780323393225"
skeleton,https://purl.org/ccf/ASCTB-TEMP_neck-of-radius-of-radius,neck of radius of radius,,UBERON:0001423,radius bone,"https://fipat.library.dal.ca/ta2/, ISBN:9780323393225"
skeleton,https://purl.org/ccf/ASCTB-TEMP_non-articular-facet-of-tubercle-of-eighth-rib,non-articular facet of tubercle of eighth rib,,UBERON:0004601,rib 1,"https://fipat.library.dal.ca/ta2/, ISBN:9780323393225"
skeleton,https://purl.org/ccf/ASCTB-TEMP_non-articular-facet-of-tubercle-of-fifth-rib,non-articular facet of tubercle of fifth rib,,UBERON:0004604,rib 4,"https://fipat.library.dal.ca/ta2/, ISBN:9780323393225"
skeleton,https://purl.org/ccf/ASCTB-TEMP_non-articular-facet-of-tubercle-of-first-rib,non-articular facet of tubercle of first rib,,UBERON:0004608,rib 9,"https://fipat.library.dal.ca/ta2/, ISBN:9780323393225"
skeleton,https://purl.org/ccf/ASCTB-TEMP_non-articular-facet-of-tubercle-of-fourth-rib,non-articular facet of tubercle of fourth rib,,UBERON:0004602,rib 2,"https://fipat.library.dal.ca/ta2/, ISBN:9780323393225"
skeleton,https://purl.org/ccf/ASCTB-TEMP_non-articular-facet-of-tubercle-of-ninth-rib,non-articular facet of tubercle of ninth rib,,UBERON:0004607,rib 7,"https://fipat.library.dal.ca/ta2/, ISBN:9780323393225"
skeleton,https://purl.org/ccf/ASCTB-TEMP_non-articular-facet-of-tubercle-of-second-rib,non-articular facet of tubercle of second rib,,UBERON:0004606,rib 6,"https://fipat.library.dal.ca/ta2/, ISBN:9780323393225"
skeleton,https://purl.org/ccf/ASCTB-TEMP_non-articular-facet-of-tubercle-of-seventh-rib,non-articular facet of tubercle of seventh rib,,UBERON:0004609,rib 10,"https://fipat.library.dal.ca/ta2/, ISBN:9780323393225"
skeleton,https://purl.org/ccf/ASCTB-TEMP_non-articular-facet-of-tubercle-of-sixth-rib,non-articular facet of tubercle of sixth rib,,UBERON:0004603,rib 3,"https://fipat.library.dal.ca/ta2/, ISBN:9780323393225"
skeleton,https://purl.org/ccf/ASCTB-TEMP_non-articular-facet-of-tubercle-of-tenth-rib,non-articular facet of tubercle of tenth rib,,UBERON:0010401,spleen central arteriole,"https://fipat.library.dal.ca/ta2/, ISBN:9780323393225"
skeleton,https://purl.org/ccf/ASCTB-TEMP_non-articular-facet-of-tubercle-of-third-rib,non-articular facet of tubercle of third rib,,UBERON:0001272,innominate bone,"https://fipat.library.dal.ca/ta2/, ISBN:9780323393225"
skeleton,https://purl.org/ccf/ASCTB-TEMP_obturator-foramen-of-os-coxa,obturator foramen of os coxa,,UBERON:0010946,occipitofrontalis muscle,"https://fipat.library.dal.ca/ta2/, ISBN:9780323393225"
skeleton,https://purl.org/ccf/ASCTB-TEMP_obturator-groove-of-pubis-of-os-coxa,obturator groove of pubis of os coxa,,UBERON:0001676,occipital bone,"https://fipat.library.dal.ca/ta2/, ISBN:9780323393225"
skeleton,https://purl.org/ccf/ASCTB-TEMP_occipital-condyle-of-basilar-part-of-occipital-bone,occipital condyle of basilar part of occipital bone,,UBERON:0000976,humerus,"https://fipat.library.dal.ca/ta2/, ISBN:9780323393225"
skeleton,https://purl.org/ccf/ASCTB-TEMP_olecranon-fossa-of-humerus,olecranon fossa of humerus,,UBERON:0001679,ethmoid bone,"https://fipat.library.dal.ca/ta2/, ISBN:9780323393225"
skeleton,https://purl.org/ccf/ASCTB-TEMP_olecranon-of-ulna,olecranon of ulna,,UBERON:0012419,taenia coli,"https://fipat.library.dal.ca/ta2/, ISBN:9780323393225"
skeleton,https://purl.org/ccf/ASCTB-TEMP_olfactory-foramina-of-ethmoid-bone,olfactory foramina of ethmoid bone,,http://purl.org/sig/ont/fma/fma321806,Hypothenar compartment of hand,"https://fipat.library.dal.ca/ta2/, ISBN:9780323393225"
skeleton,https://purl.org/ccf/ASCTB-TEMP_optic-canal-of-sphenoid-bone,optic canal of sphenoid bone,,UBERON:0001627,middle cerebral artery,"https://fipat.library.dal.ca/ta2/, ISBN:9780323393225"
skeleton,https://purl.org/ccf/ASCTB-TEMP_pecten-pubis-of-pubis-of-os-coxa,pecten pubis of pubis of os coxa,,UBERON:0001092,vertebral bone 1,"https://fipat.library.dal.ca/ta2/, ISBN:9780323393225"
skeleton,https://purl.org/ccf/ASCTB-TEMP_pectinal-line-of-femur,pectinal line of femur,,UBERON:0001093,vertebral bone 2,"https://fipat.library.dal.ca/ta2/, ISBN:9780323393225"
skeleton,https://purl.org/ccf/ASCTB-TEMP_pedicle-of-first-cervical-vertebra,pedicle of first cervical vertebra,,UBERON:0002378,muscle of abdomen,"https://fipat.library.dal.ca/ta2/, ISBN:9780323393225"
skeleton,https://purl.org/ccf/ASCTB-TEMP_pedicle-of-second-cervical-vertebra,pedicle of second cervical vertebra,,https://purl.org/ccf/ASCTB-TEMP_periductal-branch-of-interlobular-artery-of-pancreas,periductal branch of interlobular artery of pancreas,"https://fipat.library.dal.ca/ta2/, ISBN:9780323393225"
skeleton,https://purl.org/ccf/ASCTB-TEMP_perpendicular-plate-of-ethmoid-bone,perpendicular plate of ethmoid bone,,UBERON:8600078,ascending pharyngeal artery,"https://fipat.library.dal.ca/ta2/, ISBN:9780323393225"
skeleton,https://purl.org/ccf/ASCTB-TEMP_petrotympanic-fissure-of-squamous-part-of-temporal-bone,petrotympanic fissure of squamous part of temporal bone,,https://purl.org/ccf/ASCTB-TEMP_sole-of-foot-muscle,sole of foot muscle,"https://fipat.library.dal.ca/ta2/, ISBN:9780323393225"
skeleton,https://purl.org/ccf/ASCTB-TEMP_posterior-arch-of-first-cervical-vertebra,posterior arch of first cervical vertebra,,UBERON:0001101,external jugular vein,"https://fipat.library.dal.ca/ta2/, ISBN:9780323393225"
skeleton,https://purl.org/ccf/ASCTB-TEMP_posterior-clinoid-process-of-sphenoid-bone,posterior clinoid process of sphenoid bone,,http://purl.org/sig/ont/fma/fma276805,Axillary lymph node,"https://fipat.library.dal.ca/ta2/, ISBN:9780323393225"
skeleton,https://purl.org/ccf/ASCTB-TEMP_posterior-ethmoidal-foramen-of-ethmoid-bone,posterior ethmoidal foramen of ethmoid bone,,UBERON:0001272,innominate bone,"https://fipat.library.dal.ca/ta2/, ISBN:9780323393225"
skeleton,https://purl.org/ccf/ASCTB-TEMP_posterior-gluteal-line-of-ilium-of-os-coxa,posterior gluteal line of ilium of os coxa,,UBERON:0001624,anterior cerebral artery,"https://fipat.library.dal.ca/ta2/, ISBN:9780323393225"
skeleton,https://purl.org/ccf/ASCTB-TEMP_posterior-inferior-iliac-spine-of-ilium-of-os-coxa,posterior inferior iliac spine of ilium of os coxa,,https://purl.org/ccf/ASCTB-TEMP_superior-ulnar-lymph-node,superior ulnar lymph node,"https://fipat.library.dal.ca/ta2/, ISBN:9780323393225"
skeleton,https://purl.org/ccf/ASCTB-TEMP_posterior-sacral-foramina-of-sacrum,posterior sacral foramina of sacrum,,UBERON:0014685,pterygoid plexus,"https://fipat.library.dal.ca/ta2/, ISBN:9780323393225"
skeleton,https://purl.org/ccf/ASCTB-TEMP_posterior-superior-iliac-spine-of-ilium-of-os-coxa,posterior superior iliac spine of ilium of os coxa,,http://purl.org/sig/ont/fma/fma52242,Common cochlear artery,"https://fipat.library.dal.ca/ta2/, ISBN:9780323393225"
skeleton,https://purl.org/ccf/ASCTB-TEMP_posterior-tubercle-of-first-cervical-vertebra,posterior tubercle of first cervical vertebra,,https://purl.org/ccf/ASCTB-TEMP_posterior-radicular-vein,posterior radicular vein,"https://fipat.library.dal.ca/ta2/, ISBN:9780323393225"
skeleton,https://purl.org/ccf/ASCTB-TEMP_postglenoid-tubercle-of-squamous-part-of-temporal-bone,postglenoid tubercle of squamous part of temporal bone,,https://purl.org/ccf/ASCTB-TEMP_antral-follicle,antral follicle,"https://fipat.library.dal.ca/ta2/, ISBN:9780323393225"
skeleton,https://purl.org/ccf/ASCTB-TEMP_pterygoid-canal-of-sphenoid-bone,pterygoid canal of sphenoid bone,,UBERON:0001684,mandible,"https://fipat.library.dal.ca/ta2/, ISBN:9780323393225"
skeleton,https://purl.org/ccf/ASCTB-TEMP_pterygoid-fossa-of-sphenoid-bone,pterygoid fossa of sphenoid bone,,UBERON:0001677,sphenoid bone,"https://fipat.library.dal.ca/ta2/, ISBN:9780323393225"
skeleton,https://purl.org/ccf/ASCTB-TEMP_pterygoid-fovea-of-mandible,pterygoid fovea of mandible,,https://purl.org/ccf/ASCTB-TEMP_superior-pharyngeal-artery,superior pharyngeal artery,"https://fipat.library.dal.ca/ta2/, ISBN:9780323393225"
skeleton,https://purl.org/ccf/ASCTB-TEMP_pterygoid-hamulus-of-sphenoid-bone,pterygoid hamulus of sphenoid bone,,http://purl.org/sig/ont/fma/fma46621,Superior pharyngeal constrictor,"https://fipat.library.dal.ca/ta2/, ISBN:9780323393225"
skeleton,https://purl.org/ccf/ASCTB-TEMP_pubic-body-of-pubis-of-os-coxa,pubic body of pubis of os coxa,,UBERON:0001272,innominate bone,"https://fipat.library.dal.ca/ta2/, ISBN:9780323393225"
skeleton,https://purl.org/ccf/ASCTB-TEMP_pubic-crest-of-pubis-of-os-coxa,pubic crest of pubis of os coxa,,UBERON:0001272,innominate bone,"https://fipat.library.dal.ca/ta2/, ISBN:9780323393225"
skeleton,https://purl.org/ccf/ASCTB-TEMP_pubic-symphysis-of-pubis-of-os-coxa,pubic symphysis of pubis of os coxa,,https://purl.org/ccf/ASCTB-TEMP_pelvic-floor-muscle,pelvic floor muscle,"https://fipat.library.dal.ca/ta2/, ISBN:9780323393225"
skeleton,https://purl.org/ccf/ASCTB-TEMP_pubic-tubercle-of-pubis-of-os-coxa,pubic tubercle of pubis of os coxa,,https://purl.org/ccf/ASCTB-TEMP_pelvic-floor-muscle,pelvic floor muscle,"https://fipat.library.dal.ca/ta2/, ISBN:9780323393225"
skeleton,https://purl.org/ccf/ASCTB-TEMP_radial-fossa-of-humerus,radial fossa of humerus,,https://purl.org/ccf/ASCTB-TEMP_lateral-lymphatic-pathway-of-upper-arm,lateral lymphatic pathway of upper arm,"https://fipat.library.dal.ca/ta2/, ISBN:9780323393225"
skeleton,https://purl.org/ccf/ASCTB-TEMP_radial-groove-of-humerus,radial groove of humerus,,UBERON:0001423,radius bone,"https://fipat.library.dal.ca/ta2/, ISBN:9780323393225"
skeleton,https://purl.org/ccf/ASCTB-TEMP_radial-tuberosity-of-radius,radial tuberosity of radius,,http://purl.org/sig/ont/fma/fma71439,Set of suboccipital muscles,"https://fipat.library.dal.ca/ta2/, ISBN:9780323393225"
skeleton,https://purl.org/ccf/ASCTB-TEMP_sacral-apex-of-sacrum,sacral apex of sacrum,,UBERON:0003690,fused sacrum,"https://fipat.library.dal.ca/ta2/, ISBN:9780323393225"
skeleton,https://purl.org/ccf/ASCTB-TEMP_sacral-canal-of-sacrum,sacral canal of sacrum,,UBERON:0003690,fused sacrum,"https://fipat.library.dal.ca/ta2/, ISBN:9780323393225"
skeleton,https://purl.org/ccf/ASCTB-TEMP_sacral-cornu-of-sacrum,sacral cornu of sacrum,,UBERON:0003690,fused sacrum,"https://fipat.library.dal.ca/ta2/, ISBN:9780323393225"
skeleton,https://purl.org/ccf/ASCTB-TEMP_sacral-hiatus-of-sacrum,sacral hiatus of sacrum,,UBERON:0003690,fused sacrum,"https://fipat.library.dal.ca/ta2/, ISBN:9780323393225"
skeleton,https://purl.org/ccf/ASCTB-TEMP_sacral-promontory-of-sacrum,sacral promontory of sacrum,,UBERON:0003690,fused sacrum,"https://fipat.library.dal.ca/ta2/, ISBN:9780323393225"
skeleton,https://purl.org/ccf/ASCTB-TEMP_sacral-spine-of-sacrum,sacral spine of sacrum,,UBERON:0003690,fused sacrum,"https://fipat.library.dal.ca/ta2/, ISBN:9780323393225"
skeleton,https://purl.org/ccf/ASCTB-TEMP_sacral-tuberosity-of-sacrum,sacral tuberosity of sacrum,,UBERON:0004601,rib 1,"https://fipat.library.dal.ca/ta2/, ISBN:9780323393225"
skeleton,https://purl.org/ccf/ASCTB-TEMP_scalene-tubercle-of-first-rib,scalene tubercle of first rib,,UBERON:0001427,radiale,"https://fipat.library.dal.ca/ta2/, ISBN:9780323393225"
skeleton,https://purl.org/ccf/ASCTB-TEMP_scaphoid-tubercle-of-scaphoid,scaphoid tubercle of scaphoid,,UBERON:0006849,scapula,"https://fipat.library.dal.ca/ta2/, ISBN:9780323393225"
skeleton,https://purl.org/ccf/ASCTB-TEMP_scapular-neck-of-scapula,scapular neck of scapula,,UBERON:0006849,scapula,"https://fipat.library.dal.ca/ta2/, ISBN:9780323393225"
skeleton,https://purl.org/ccf/ASCTB-TEMP_scapular-notch-of-scapula,scapular notch of scapula,,UBERON:0006849,scapula,"https://fipat.library.dal.ca/ta2/, ISBN:9780323393225"
skeleton,https://purl.org/ccf/ASCTB-TEMP_scapular-spine-of-scapula,scapular spine of scapula,,http://purl.org/sig/ont/fma/fma43960,Second plantar metatarsal artery,"https://fipat.library.dal.ca/ta2/, ISBN:9780323393225"
skeleton,https://purl.org/ccf/ASCTB-TEMP_sella-turcica-of-sphenoid-bone,sella turcica of sphenoid bone,,http://purl.org/sig/ont/fma/fma20966,Prostatic part of inferior vesical artery,"https://fipat.library.dal.ca/ta2/, ISBN:9780323393225"
skeleton,https://purl.org/ccf/ASCTB-TEMP_shaft-of-first-distal-phalanx-of-hand,shaft of first distal phalanx of hand,,UBERON:0004338,proximal phalanx of manual digit 1,"https://fipat.library.dal.ca/ta2/, ISBN:9780323393225"
skeleton,https://purl.org/ccf/ASCTB-TEMP_shaft-of-first-proximal-phalanx-of-hand,shaft of first proximal phalanx of hand,,UBERON:0001423,radius bone,"https://fipat.library.dal.ca/ta2/, ISBN:9780323393225"
skeleton,https://purl.org/ccf/ASCTB-TEMP_shaft-of-radius-of-radius,shaft of radius of radius,,UBERON:0001424,ulna,"https://fipat.library.dal.ca/ta2/, ISBN:9780323393225"
skeleton,https://purl.org/ccf/ASCTB-TEMP_shaft-of-ulna-of-ulna,shaft of ulna of ulna,,"UBERON:0001250, https://purl.org/ccf/ASCTB-TEMP_non-penicillar-arteriole-of-spleen, UBERON:0005353","red pulp of spleen, non-penicillar arteriole of spleen, spleen perifollicular zone","https://fipat.library.dal.ca/ta2/, ISBN:9780323393225"
skeleton,https://purl.org/ccf/ASCTB-TEMP_soleal-line-of-tibia,soleal line of tibia,,UBERON:0000979,tibia,"https://fipat.library.dal.ca/ta2/, ISBN:9780323393225"
skeleton,https://purl.org/ccf/ASCTB-TEMP_sphenoid-sinus-of-sphenoid-bone,sphenoid sinus of sphenoid bone,,UBERON:0001677,sphenoid bone,"https://fipat.library.dal.ca/ta2/, ISBN:9780323393225"
skeleton,https://purl.org/ccf/ASCTB-TEMP_spinous-process-of-first-cervical-vertebra,spinous process of first cervical vertebra,,UBERON:0001092,vertebral bone 1,"https://fipat.library.dal.ca/ta2/, ISBN:9780323393225"
skeleton,https://purl.org/ccf/ASCTB-TEMP_spinous-process-of-second-cervical-vertebra,spinous process of second cervical vertebra,,UBERON:0001093,vertebral bone 2,"https://fipat.library.dal.ca/ta2/, ISBN:9780323393225"
skeleton,https://purl.org/ccf/ASCTB-TEMP_sternal-angle-of-sternum,sternal angle of sternum,,UBERON:0000975,sternum,"https://fipat.library.dal.ca/ta2/, ISBN:9780323393225"
skeleton,https://purl.org/ccf/ASCTB-TEMP_sternal-body-of-sternum,sternal body of sternum,,UBERON:0000975,sternum,"https://fipat.library.dal.ca/ta2/, ISBN:9780323393225"
skeleton,https://purl.org/ccf/ASCTB-TEMP_sternal-end-of-eighth-rib,sternal end of eighth rib,,UBERON:0010757,rib 8,"https://fipat.library.dal.ca/ta2/, ISBN:9780323393225"
skeleton,https://purl.org/ccf/ASCTB-TEMP_sternal-end-of-eleventh-rib,sternal end of eleventh rib,,UBERON:0004610,rib 11,"https://fipat.library.dal.ca/ta2/, ISBN:9780323393225"
skeleton,https://purl.org/ccf/ASCTB-TEMP_sternal-end-of-fifth-rib,sternal end of fifth rib,,UBERON:0004605,rib 5,"https://fipat.library.dal.ca/ta2/, ISBN:9780323393225"
skeleton,https://purl.org/ccf/ASCTB-TEMP_sternal-end-of-first-rib,sternal end of first rib,,UBERON:0004601,rib 1,"https://fipat.library.dal.ca/ta2/, ISBN:9780323393225"
skeleton,https://purl.org/ccf/ASCTB-TEMP_sternal-end-of-fourth-rib,sternal end of fourth rib,,UBERON:0004604,rib 4,"https://fipat.library.dal.ca/ta2/, ISBN:9780323393225"
skeleton,https://purl.org/ccf/ASCTB-TEMP_sternal-end-of-ninth-rib,sternal end of ninth rib,,UBERON:0004608,rib 9,"https://fipat.library.dal.ca/ta2/, ISBN:9780323393225"
skeleton,https://purl.org/ccf/ASCTB-TEMP_sternal-end-of-second-rib,sternal end of second rib,,UBERON:0004602,rib 2,"https://fipat.library.dal.ca/ta2/, ISBN:9780323393225"
skeleton,https://purl.org/ccf/ASCTB-TEMP_sternal-end-of-seventh-rib,sternal end of seventh rib,,UBERON:0004607,rib 7,"https://fipat.library.dal.ca/ta2/, ISBN:9780323393225"
skeleton,https://purl.org/ccf/ASCTB-TEMP_sternal-end-of-sixth-rib,sternal end of sixth rib,,UBERON:0004606,rib 6,"https://fipat.library.dal.ca/ta2/, ISBN:9780323393225"
skeleton,https://purl.org/ccf/ASCTB-TEMP_sternal-end-of-tenth-rib,sternal end of tenth rib,,UBERON:0004609,rib 10,"https://fipat.library.dal.ca/ta2/, ISBN:9780323393225"
skeleton,https://purl.org/ccf/ASCTB-TEMP_sternal-end-of-third-rib,sternal end of third rib,,UBERON:0004603,rib 3,"https://fipat.library.dal.ca/ta2/, ISBN:9780323393225"
skeleton,https://purl.org/ccf/ASCTB-TEMP_sternal-end-of-twelfth-rib,sternal end of twelfth rib,,UBERON:0004611,rib 12,"https://fipat.library.dal.ca/ta2/, ISBN:9780323393225"
skeleton,https://purl.org/ccf/ASCTB-TEMP_sternal-region-bone,sternal region bone,,UBERON:0014477,thoracic skeleton,"https://fipat.library.dal.ca/ta2/, ISBN:9780323393225"
skeleton,https://purl.org/ccf/ASCTB-TEMP_styloid-process-of-petrous-part-of-temporal-bone,styloid process of petrous part of temporal bone,,UBERON:0001678,temporal bone,"https://fipat.library.dal.ca/ta2/, ISBN:9780323393225"
skeleton,https://purl.org/ccf/ASCTB-TEMP_stylomastoid-foramen-of-petrous-part-of-temporal-bone,stylomastoid foramen of petrous part of temporal bone,,UBERON:0001678,temporal bone,"https://fipat.library.dal.ca/ta2/, ISBN:9780323393225"
skeleton,https://purl.org/ccf/ASCTB-TEMP_sublingual-fossa-of-mandible,sublingual fossa of mandible,,UBERON:0001684,mandible,"https://fipat.library.dal.ca/ta2/, ISBN:9780323393225"
skeleton,https://purl.org/ccf/ASCTB-TEMP_submandibular-fossa-of-mandible,submandibular fossa of mandible,,UBERON:0001684,mandible,"https://fipat.library.dal.ca/ta2/, ISBN:9780323393225"
skeleton,https://purl.org/ccf/ASCTB-TEMP_subscapular-fossa-of-scapula,subscapular fossa of scapula,,UBERON:0006849,scapula,"https://fipat.library.dal.ca/ta2/, ISBN:9780323393225"
skeleton,https://purl.org/ccf/ASCTB-TEMP_supercilary-arch-of-frontal-bone,supercilary arch of frontal bone,,UBERON:0000209,tetrapod frontal bone,"https://fipat.library.dal.ca/ta2/, ISBN:9780323393225"
skeleton,https://purl.org/ccf/ASCTB-TEMP_superior-articular-facet-of-eighth-thoracic-vertebra,superior articular facet of eighth thoracic vertebra,,UBERON:0011050,thoracic vertebra 8,"https://fipat.library.dal.ca/ta2/, ISBN:9780323393225"
skeleton,https://purl.org/ccf/ASCTB-TEMP_superior-articular-facet-of-eleventh-thoracic-vertebra,superior articular facet of eleventh thoracic vertebra,,UBERON:0004635,thoracic vertebra 11,"https://fipat.library.dal.ca/ta2/, ISBN:9780323393225"
skeleton,https://purl.org/ccf/ASCTB-TEMP_superior-articular-facet-of-fifth-cervical-vertebra,superior articular facet of fifth cervical vertebra,,UBERON:0004614,mammalian cervical vertebra 5,"https://fipat.library.dal.ca/ta2/, ISBN:9780323393225"
skeleton,https://purl.org/ccf/ASCTB-TEMP_superior-articular-facet-of-fifth-lumbar-vertebra,superior articular facet of fifth lumbar vertebra,,UBERON:0004621,lumbar vertebra 5,"https://fipat.library.dal.ca/ta2/, ISBN:9780323393225"
skeleton,https://purl.org/ccf/ASCTB-TEMP_superior-articular-facet-of-fifth-thoracic-vertebra,superior articular facet of fifth thoracic vertebra,,UBERON:0004630,thoracic vertebra 5,"https://fipat.library.dal.ca/ta2/, ISBN:9780323393225"
skeleton,https://purl.org/ccf/ASCTB-TEMP_superior-articular-facet-of-first-cervical-vertebra,superior articular facet of first cervical vertebra,,UBERON:0001092,vertebral bone 1,"https://fipat.library.dal.ca/ta2/, ISBN:9780323393225"
skeleton,https://purl.org/ccf/ASCTB-TEMP_superior-articular-facet-of-first-lumbar-vertebra,superior articular facet of first lumbar vertebra,,UBERON:0004617,lumbar vertebra 1,"https://fipat.library.dal.ca/ta2/, ISBN:9780323393225"
skeleton,https://purl.org/ccf/ASCTB-TEMP_superior-articular-facet-of-first-thoracic-vertebra,superior articular facet of first thoracic vertebra,,UBERON:0004626,thoracic vertebra 1,"https://fipat.library.dal.ca/ta2/, ISBN:9780323393225"
skeleton,https://purl.org/ccf/ASCTB-TEMP_superior-articular-facet-of-fourth-cervical-vertebra,superior articular facet of fourth cervical vertebra,,UBERON:0004613,mammalian cervical vertebra 4,"https://fipat.library.dal.ca/ta2/, ISBN:9780323393225"
skeleton,https://purl.org/ccf/ASCTB-TEMP_superior-articular-facet-of-fourth-lumbar-vertebra,superior articular facet of fourth lumbar vertebra,,UBERON:0004620,lumbar vertebra 4,"https://fipat.library.dal.ca/ta2/, ISBN:9780323393225"
skeleton,https://purl.org/ccf/ASCTB-TEMP_superior-articular-facet-of-fourth-thoracic-vertebra,superior articular facet of fourth thoracic vertebra,,UBERON:0004629,thoracic vertebra 4,"https://fipat.library.dal.ca/ta2/, ISBN:9780323393225"
skeleton,https://purl.org/ccf/ASCTB-TEMP_superior-articular-facet-of-ninth-thoracic-vertebra,superior articular facet of ninth thoracic vertebra,,UBERON:0004633,thoracic vertebra 9,"https://fipat.library.dal.ca/ta2/, ISBN:9780323393225"
skeleton,https://purl.org/ccf/ASCTB-TEMP_superior-articular-facet-of-second-cervical-vertebra,superior articular facet of second cervical vertebra,,UBERON:0001093,vertebral bone 2,"https://fipat.library.dal.ca/ta2/, ISBN:9780323393225"
skeleton,https://purl.org/ccf/ASCTB-TEMP_superior-articular-facet-of-second-lumbar-vertebra,superior articular facet of second lumbar vertebra,,UBERON:0004618,lumbar vertebra 2,"https://fipat.library.dal.ca/ta2/, ISBN:9780323393225"
skeleton,https://purl.org/ccf/ASCTB-TEMP_superior-articular-facet-of-second-thoracic-vertebra,superior articular facet of second thoracic vertebra,,UBERON:0004627,thoracic vertebra 2,"https://fipat.library.dal.ca/ta2/, ISBN:9780323393225"
skeleton,https://purl.org/ccf/ASCTB-TEMP_superior-articular-facet-of-seventh-cervical-vertebra,superior articular facet of seventh cervical vertebra,,UBERON:0004616,mammalian cervical vertebra 7,"https://fipat.library.dal.ca/ta2/, ISBN:9780323393225"
skeleton,https://purl.org/ccf/ASCTB-TEMP_superior-articular-facet-of-seventh-thoracic-vertebra,superior articular facet of seventh thoracic vertebra,,UBERON:0004632,thoracic vertebra 7,"https://fipat.library.dal.ca/ta2/, ISBN:9780323393225"
skeleton,https://purl.org/ccf/ASCTB-TEMP_superior-articular-facet-of-sixth-cervical-vertebra,superior articular facet of sixth cervical vertebra,,UBERON:0004615,mammalian cervical vertebra 6,"https://fipat.library.dal.ca/ta2/, ISBN:9780323393225"
skeleton,https://purl.org/ccf/ASCTB-TEMP_superior-articular-facet-of-sixth-thoracic-vertebra,superior articular facet of sixth thoracic vertebra,,UBERON:0004631,thoracic vertebra 6,"https://fipat.library.dal.ca/ta2/, ISBN:9780323393225"
skeleton,https://purl.org/ccf/ASCTB-TEMP_superior-articular-facet-of-tenth-thoracic-vertebra,superior articular facet of tenth thoracic vertebra,,UBERON:0004634,thoracic vertebra 10,"https://fipat.library.dal.ca/ta2/, ISBN:9780323393225"
skeleton,https://purl.org/ccf/ASCTB-TEMP_superior-articular-facet-of-third-cervical-vertebra,superior articular facet of third cervical vertebra,,UBERON:0004612,mammalian cervical vertebra 3,"https://fipat.library.dal.ca/ta2/, ISBN:9780323393225"
skeleton,https://purl.org/ccf/ASCTB-TEMP_superior-articular-facet-of-third-lumbar-vertebra,superior articular facet of third lumbar vertebra,,UBERON:0004619,lumbar vertebra 3,"https://fipat.library.dal.ca/ta2/, ISBN:9780323393225"
skeleton,https://purl.org/ccf/ASCTB-TEMP_superior-articular-facet-of-third-thoracic-vertebra,superior articular facet of third thoracic vertebra,,UBERON:0004628,thoracic vertebra 3,"https://fipat.library.dal.ca/ta2/, ISBN:9780323393225"
skeleton,https://purl.org/ccf/ASCTB-TEMP_superior-articular-facet-of-twelfth-thoracic-vertebra,superior articular facet of twelfth thoracic vertebra,,UBERON:0004636,thoracic vertebra 12,"https://fipat.library.dal.ca/ta2/, ISBN:9780323393225"
skeleton,https://purl.org/ccf/ASCTB-TEMP_superior-articular-process-of-first-cervical-vertebra,superior articular process of first cervical vertebra,,UBERON:0001092,vertebral bone 1,"https://fipat.library.dal.ca/ta2/, ISBN:9780323393225"
skeleton,https://purl.org/ccf/ASCTB-TEMP_superior-articular-process-of-second-cervical-vertebra,superior articular process of second cervical vertebra,,UBERON:0001093,vertebral bone 2,"https://fipat.library.dal.ca/ta2/, ISBN:9780323393225"
skeleton,https://purl.org/ccf/ASCTB-TEMP_superior-costal-facet-of-eleventh-thoracic-vertebra,superior costal facet of eleventh thoracic vertebra,,UBERON:0004635,thoracic vertebra 11,"https://fipat.library.dal.ca/ta2/, ISBN:9780323393225"
skeleton,https://purl.org/ccf/ASCTB-TEMP_superior-mental-spine-of-mandible,superior mental spine of mandible,,UBERON:0001684,mandible,"https://fipat.library.dal.ca/ta2/, ISBN:9780323393225"
skeleton,https://purl.org/ccf/ASCTB-TEMP_superior-nasal-concha-of-ethmoid-bone,superior nasal concha of ethmoid bone,,UBERON:0001679,ethmoid bone,"https://fipat.library.dal.ca/ta2/, ISBN:9780323393225"
skeleton,https://purl.org/ccf/ASCTB-TEMP_superior-nuchal-line-of-squamous-part-of-occipital-bone,superior nuchal line of squamous part of occipital bone,,UBERON:0001676,occipital bone,"https://fipat.library.dal.ca/ta2/, ISBN:9780323393225"
skeleton,https://purl.org/ccf/ASCTB-TEMP_superior-orbital-fissure-of-sphenoid-bone,superior orbital fissure of sphenoid bone,,UBERON:0001677,sphenoid bone,"https://fipat.library.dal.ca/ta2/, ISBN:9780323393225"
skeleton,https://purl.org/ccf/ASCTB-TEMP_superior-pubic-ramus-of-pubis-of-os-coxa,superior pubic ramus of pubis of os coxa,,UBERON:0001272,innominate bone,"https://fipat.library.dal.ca/ta2/, ISBN:9780323393225"
skeleton,https://purl.org/ccf/ASCTB-TEMP_superior-vertebral-notch-of-first-cervical-vertebra,superior vertebral notch of first cervical vertebra,,UBERON:0001092,vertebral bone 1,"https://fipat.library.dal.ca/ta2/, ISBN:9780323393225"
skeleton,https://purl.org/ccf/ASCTB-TEMP_superior-vertebral-notch-of-second-cervical-vertebra,superior vertebral notch of second cervical vertebra,,UBERON:0001093,vertebral bone 2,"https://fipat.library.dal.ca/ta2/, ISBN:9780323393225"
skeleton,https://purl.org/ccf/ASCTB-TEMP_supinator-fossa-of-ulna,supinator fossa of ulna,,UBERON:0001424,ulna,"https://fipat.library.dal.ca/ta2/, ISBN:9780323393225"
skeleton,https://purl.org/ccf/ASCTB-TEMP_supraglenoid-tubercle-of-scapula,supraglenoid tubercle of scapula,,UBERON:0006849,scapula,"https://fipat.library.dal.ca/ta2/, ISBN:9780323393225"
skeleton,https://purl.org/ccf/ASCTB-TEMP_supramastoid-crest-of-squamous-part-of-temporal-bone,supramastoid crest of squamous part of temporal bone,,UBERON:0001678,temporal bone,"https://fipat.library.dal.ca/ta2/, ISBN:9780323393225"
skeleton,https://purl.org/ccf/ASCTB-TEMP_supraorbital-notch-or-foramen-of-frontal-bone,supraorbital notch or foramen of frontal bone,,UBERON:0000209,tetrapod frontal bone,"https://fipat.library.dal.ca/ta2/, ISBN:9780323393225"
skeleton,https://purl.org/ccf/ASCTB-TEMP_supraspinous-fossa-of-scapula,supraspinous fossa of scapula,,UBERON:0006849,scapula,"https://fipat.library.dal.ca/ta2/, ISBN:9780323393225"
skeleton,https://purl.org/ccf/ASCTB-TEMP_sustentaculum-tali-of-calcaneus,sustentaculum tali of calcaneus,,UBERON:0001450,calcaneus,"https://fipat.library.dal.ca/ta2/, ISBN:9780323393225"
skeleton,https://purl.org/ccf/ASCTB-TEMP_temporal-fossa-of-parietal-bone,temporal fossa of parietal bone,,UBERON:0000210,tetrapod parietal bone,"https://fipat.library.dal.ca/ta2/, ISBN:9780323393225"
skeleton,https://purl.org/ccf/ASCTB-TEMP_tibial-plateau-of-tibia,tibial plateau of tibia,,UBERON:0000979,tibia,"https://fipat.library.dal.ca/ta2/, ISBN:9780323393225"
skeleton,https://purl.org/ccf/ASCTB-TEMP_tibial-tuberosity-of-tibia,tibial tuberosity of tibia,,UBERON:0000979,tibia,"https://fipat.library.dal.ca/ta2/, ISBN:9780323393225"
skeleton,https://purl.org/ccf/ASCTB-TEMP_transverse-costal-facet-of-eighth-thoracic-vertebra,transverse costal facet of eighth thoracic vertebra,,UBERON:0011050,thoracic vertebra 8,"https://fipat.library.dal.ca/ta2/, ISBN:9780323393225"
skeleton,https://purl.org/ccf/ASCTB-TEMP_transverse-costal-facet-of-eleventh-thoracic-vertebra,transverse costal facet of eleventh thoracic vertebra,,UBERON:0004635,thoracic vertebra 11,"https://fipat.library.dal.ca/ta2/, ISBN:9780323393225"
skeleton,https://purl.org/ccf/ASCTB-TEMP_transverse-costal-facet-of-fifth-thoracic-vertebra,transverse costal facet of fifth thoracic vertebra,,UBERON:0004630,thoracic vertebra 5,"https://fipat.library.dal.ca/ta2/, ISBN:9780323393225"
skeleton,https://purl.org/ccf/ASCTB-TEMP_transverse-costal-facet-of-first-thoracic-vertebra,transverse costal facet of first thoracic vertebra,,UBERON:0004626,thoracic vertebra 1,"https://fipat.library.dal.ca/ta2/, ISBN:9780323393225"
skeleton,https://purl.org/ccf/ASCTB-TEMP_transverse-costal-facet-of-fourth-thoracic-vertebra,transverse costal facet of fourth thoracic vertebra,,UBERON:0004629,thoracic vertebra 4,"https://fipat.library.dal.ca/ta2/, ISBN:9780323393225"
skeleton,https://purl.org/ccf/ASCTB-TEMP_transverse-costal-facet-of-ninth-thoracic-vertebra,transverse costal facet of ninth thoracic vertebra,,UBERON:0004633,thoracic vertebra 9,"https://fipat.library.dal.ca/ta2/, ISBN:9780323393225"
skeleton,https://purl.org/ccf/ASCTB-TEMP_transverse-costal-facet-of-second-thoracic-vertebra,transverse costal facet of second thoracic vertebra,,UBERON:0004627,thoracic vertebra 2,"https://fipat.library.dal.ca/ta2/, ISBN:9780323393225"
skeleton,https://purl.org/ccf/ASCTB-TEMP_transverse-costal-facet-of-seventh-thoracic-vertebra,transverse costal facet of seventh thoracic vertebra,,UBERON:0004632,thoracic vertebra 7,"https://fipat.library.dal.ca/ta2/, ISBN:9780323393225"
skeleton,https://purl.org/ccf/ASCTB-TEMP_transverse-costal-facet-of-sixth-thoracic-vertebra,transverse costal facet of sixth thoracic vertebra,,UBERON:0004631,thoracic vertebra 6,"https://fipat.library.dal.ca/ta2/, ISBN:9780323393225"
skeleton,https://purl.org/ccf/ASCTB-TEMP_transverse-costal-facet-of-tenth-thoracic-vertebra,transverse costal facet of tenth thoracic vertebra,,UBERON:0004634,thoracic vertebra 10,"https://fipat.library.dal.ca/ta2/, ISBN:9780323393225"
skeleton,https://purl.org/ccf/ASCTB-TEMP_transverse-costal-facet-of-third-thoracic-vertebra,transverse costal facet of third thoracic vertebra,,UBERON:0004628,thoracic vertebra 3,"https://fipat.library.dal.ca/ta2/, ISBN:9780323393225"
skeleton,https://purl.org/ccf/ASCTB-TEMP_transverse-foramen-of-first-cervical-vertebra,transverse foramen of first cervical vertebra,,UBERON:0001092,vertebral bone 1,"https://fipat.library.dal.ca/ta2/, ISBN:9780323393225"
skeleton,https://purl.org/ccf/ASCTB-TEMP_transverse-foramen-of-second-cervical-vertebra,transverse foramen of second cervical vertebra,,UBERON:0001093,vertebral bone 2,"https://fipat.library.dal.ca/ta2/, ISBN:9780323393225"
skeleton,https://purl.org/ccf/ASCTB-TEMP_transverse-process-of-coccyx,transverse process of coccyx,,UBERON:0001350,coccyx,"https://fipat.library.dal.ca/ta2/, ISBN:9780323393225"
skeleton,https://purl.org/ccf/ASCTB-TEMP_transverse-process-of-first-cervical-vertebra,transverse process of first cervical vertebra,,UBERON:0001092,vertebral bone 1,"https://fipat.library.dal.ca/ta2/, ISBN:9780323393225"
skeleton,https://purl.org/ccf/ASCTB-TEMP_transverse-process-of-second-cervical-vertebra,transverse process of second cervical vertebra,,UBERON:0001093,vertebral bone 2,"https://fipat.library.dal.ca/ta2/, ISBN:9780323393225"
skeleton,https://purl.org/ccf/ASCTB-TEMP_transverse-ridges-of-sternum,transverse ridges of sternum,,UBERON:0000975,sternum,"https://fipat.library.dal.ca/ta2/, ISBN:9780323393225"
skeleton,https://purl.org/ccf/ASCTB-TEMP_trigeminal-impression-of-petrous-part-of-temporal-bone,trigeminal impression of petrous part of temporal bone,,UBERON:0001678,temporal bone,"https://fipat.library.dal.ca/ta2/, ISBN:9780323393225"
skeleton,https://purl.org/ccf/ASCTB-TEMP_trochlear-notch-of-ulna,trochlear notch of ulna,,UBERON:0001424,ulna,"https://fipat.library.dal.ca/ta2/, ISBN:9780323393225"
skeleton,https://purl.org/ccf/ASCTB-TEMP_tuberosity-of-fifth-distal-phalanx-of-hand,tuberosity of fifth distal phalanx of hand,,UBERON:0004314,distal phalanx of manual digit 5,"https://fipat.library.dal.ca/ta2/, ISBN:9780323393225"
skeleton,https://purl.org/ccf/ASCTB-TEMP_tuberosity-of-first-distal-phalanx-of-hand,tuberosity of first distal phalanx of hand,,UBERON:0004337,distal phalanx of manual digit 1,"https://fipat.library.dal.ca/ta2/, ISBN:9780323393225"
skeleton,https://purl.org/ccf/ASCTB-TEMP_tuberosity-of-fourth-distal-phalanx-of-hand,tuberosity of fourth distal phalanx of hand,,UBERON:0004313,distal phalanx of manual digit 4,"https://fipat.library.dal.ca/ta2/, ISBN:9780323393225"
skeleton,https://purl.org/ccf/ASCTB-TEMP_tuberosity-of-second-distal-phalanx-of-hand,tuberosity of second distal phalanx of hand,,UBERON:0004311,distal phalanx of manual digit 2,"https://fipat.library.dal.ca/ta2/, ISBN:9780323393225"
skeleton,https://purl.org/ccf/ASCTB-TEMP_tuberosity-of-third-distal-phalanx-of-hand,tuberosity of third distal phalanx of hand,,UBERON:0004312,distal phalanx of manual digit 3,"https://fipat.library.dal.ca/ta2/, ISBN:9780323393225"
skeleton,https://purl.org/ccf/ASCTB-TEMP_tympanic-caniliculus-of-petrous-part-of-temporal-bone,tympanic caniliculus of petrous part of temporal bone,,UBERON:0001678,temporal bone,"https://fipat.library.dal.ca/ta2/, ISBN:9780323393225"
skeleton,https://purl.org/ccf/ASCTB-TEMP_ulnar-tuberosity-of-ulna,ulnar tuberosity of ulna,,UBERON:0001424,ulna,"https://fipat.library.dal.ca/ta2/, ISBN:9780323393225"
skeleton,https://purl.org/ccf/ASCTB-TEMP_vertebra-prominens-of-seventh-cervical-vertebra,vertebra prominens of seventh cervical vertebra,,UBERON:0004616,mammalian cervical vertebra 7,"https://fipat.library.dal.ca/ta2/, ISBN:9780323393225"
skeleton,https://purl.org/ccf/ASCTB-TEMP_vertebral-arch-of-eighth-thoracic-vertebra,vertebral arch of eighth thoracic vertebra,,UBERON:0011050,thoracic vertebra 8,"https://fipat.library.dal.ca/ta2/, ISBN:9780323393225"
skeleton,https://purl.org/ccf/ASCTB-TEMP_vertebral-arch-of-eleventh-thoracic-vertebra,vertebral arch of eleventh thoracic vertebra,,UBERON:0004635,thoracic vertebra 11,"https://fipat.library.dal.ca/ta2/, ISBN:9780323393225"
skeleton,https://purl.org/ccf/ASCTB-TEMP_vertebral-arch-of-fifth-cervical-vertebra,vertebral arch of fifth cervical vertebra,,UBERON:0004614,mammalian cervical vertebra 5,"https://fipat.library.dal.ca/ta2/, ISBN:9780323393225"
skeleton,https://purl.org/ccf/ASCTB-TEMP_vertebral-arch-of-fifth-lumbar-vertebra,vertebral arch of fifth lumbar vertebra,,UBERON:0004621,lumbar vertebra 5,"https://fipat.library.dal.ca/ta2/, ISBN:9780323393225"
skeleton,https://purl.org/ccf/ASCTB-TEMP_vertebral-arch-of-fifth-thoracic-vertebra,vertebral arch of fifth thoracic vertebra,,UBERON:0004630,thoracic vertebra 5,"https://fipat.library.dal.ca/ta2/, ISBN:9780323393225"
skeleton,https://purl.org/ccf/ASCTB-TEMP_vertebral-arch-of-first-lumbar-vertebra,vertebral arch of first lumbar vertebra,,UBERON:0004617,lumbar vertebra 1,"https://fipat.library.dal.ca/ta2/, ISBN:9780323393225"
skeleton,https://purl.org/ccf/ASCTB-TEMP_vertebral-arch-of-first-thoracic-vertebra,vertebral arch of first thoracic vertebra,,UBERON:0004626,thoracic vertebra 1,"https://fipat.library.dal.ca/ta2/, ISBN:9780323393225"
skeleton,https://purl.org/ccf/ASCTB-TEMP_vertebral-arch-of-fourth-cervical-vertebra,vertebral arch of fourth cervical vertebra,,UBERON:0004613,mammalian cervical vertebra 4,"https://fipat.library.dal.ca/ta2/, ISBN:9780323393225"
skeleton,https://purl.org/ccf/ASCTB-TEMP_vertebral-arch-of-fourth-lumbar-vertebra,vertebral arch of fourth lumbar vertebra,,UBERON:0004620,lumbar vertebra 4,"https://fipat.library.dal.ca/ta2/, ISBN:9780323393225"
skeleton,https://purl.org/ccf/ASCTB-TEMP_vertebral-arch-of-fourth-thoracic-vertebra,vertebral arch of fourth thoracic vertebra,,UBERON:0004629,thoracic vertebra 4,"https://fipat.library.dal.ca/ta2/, ISBN:9780323393225"
skeleton,https://purl.org/ccf/ASCTB-TEMP_vertebral-arch-of-ninth-thoracic-vertebra,vertebral arch of ninth thoracic vertebra,,UBERON:0004633,thoracic vertebra 9,"https://fipat.library.dal.ca/ta2/, ISBN:9780323393225"
skeleton,https://purl.org/ccf/ASCTB-TEMP_vertebral-arch-of-second-cervical-vertebra,vertebral arch of second cervical vertebra,,UBERON:0001093,vertebral bone 2,"https://fipat.library.dal.ca/ta2/, ISBN:9780323393225"
skeleton,https://purl.org/ccf/ASCTB-TEMP_vertebral-arch-of-second-lumbar-vertebra,vertebral arch of second lumbar vertebra,,UBERON:0004618,lumbar vertebra 2,"https://fipat.library.dal.ca/ta2/, ISBN:9780323393225"
skeleton,https://purl.org/ccf/ASCTB-TEMP_vertebral-arch-of-second-thoracic-vertebra,vertebral arch of second thoracic vertebra,,UBERON:0004627,thoracic vertebra 2,"https://fipat.library.dal.ca/ta2/, ISBN:9780323393225"
skeleton,https://purl.org/ccf/ASCTB-TEMP_vertebral-arch-of-seventh-cervical-vertebra,vertebral arch of seventh cervical vertebra,,UBERON:0004616,mammalian cervical vertebra 7,"https://fipat.library.dal.ca/ta2/, ISBN:9780323393225"
skeleton,https://purl.org/ccf/ASCTB-TEMP_vertebral-arch-of-seventh-thoracic-vertebra,vertebral arch of seventh thoracic vertebra,,UBERON:0004632,thoracic vertebra 7,"https://fipat.library.dal.ca/ta2/, ISBN:9780323393225"
skeleton,https://purl.org/ccf/ASCTB-TEMP_vertebral-arch-of-sixth-cervical-vertebra,vertebral arch of sixth cervical vertebra,,UBERON:0004615,mammalian cervical vertebra 6,"https://fipat.library.dal.ca/ta2/, ISBN:9780323393225"
skeleton,https://purl.org/ccf/ASCTB-TEMP_vertebral-arch-of-sixth-thoracic-vertebra,vertebral arch of sixth thoracic vertebra,,UBERON:0004631,thoracic vertebra 6,"https://fipat.library.dal.ca/ta2/, ISBN:9780323393225"
skeleton,https://purl.org/ccf/ASCTB-TEMP_vertebral-arch-of-tenth-thoracic-vertebra,vertebral arch of tenth thoracic vertebra,,UBERON:0004634,thoracic vertebra 10,"https://fipat.library.dal.ca/ta2/, ISBN:9780323393225"
skeleton,https://purl.org/ccf/ASCTB-TEMP_vertebral-arch-of-third-cervical-vertebra,vertebral arch of third cervical vertebra,,UBERON:0004612,mammalian cervical vertebra 3,"https://fipat.library.dal.ca/ta2/, ISBN:9780323393225"
skeleton,https://purl.org/ccf/ASCTB-TEMP_vertebral-arch-of-third-lumbar-vertebra,vertebral arch of third lumbar vertebra,,UBERON:0004619,lumbar vertebra 3,"https://fipat.library.dal.ca/ta2/, ISBN:9780323393225"
skeleton,https://purl.org/ccf/ASCTB-TEMP_vertebral-arch-of-third-thoracic-vertebra,vertebral arch of third thoracic vertebra,,UBERON:0004628,thoracic vertebra 3,"https://fipat.library.dal.ca/ta2/, ISBN:9780323393225"
skeleton,https://purl.org/ccf/ASCTB-TEMP_vertebral-arch-of-twelfth-thoracic-vertebra,vertebral arch of twelfth thoracic vertebra,,UBERON:0004636,thoracic vertebra 12,"https://fipat.library.dal.ca/ta2/, ISBN:9780323393225"
skeleton,https://purl.org/ccf/ASCTB-TEMP_vertebral-body-of-eighth-thoracic-vertebra,vertebral body of eighth thoracic vertebra,,UBERON:0011050,thoracic vertebra 8,"https://fipat.library.dal.ca/ta2/, ISBN:9780323393225"
skeleton,https://purl.org/ccf/ASCTB-TEMP_vertebral-body-of-eleventh-thoracic-vertebra,vertebral body of eleventh thoracic vertebra,,UBERON:0004635,thoracic vertebra 11,"https://fipat.library.dal.ca/ta2/, ISBN:9780323393225"
skeleton,https://purl.org/ccf/ASCTB-TEMP_vertebral-body-of-fifth-cervical-vertebra,vertebral body of fifth cervical vertebra,,UBERON:0004614,mammalian cervical vertebra 5,"https://fipat.library.dal.ca/ta2/, ISBN:9780323393225"
skeleton,https://purl.org/ccf/ASCTB-TEMP_vertebral-body-of-fifth-lumbar-vertebra,vertebral body of fifth lumbar vertebra,,UBERON:0004621,lumbar vertebra 5,"https://fipat.library.dal.ca/ta2/, ISBN:9780323393225"
skeleton,https://purl.org/ccf/ASCTB-TEMP_vertebral-body-of-fifth-thoracic-vertebra,vertebral body of fifth thoracic vertebra,,UBERON:0004630,thoracic vertebra 5,"https://fipat.library.dal.ca/ta2/, ISBN:9780323393225"
skeleton,https://purl.org/ccf/ASCTB-TEMP_vertebral-body-of-first-cervical-vertebra,vertebral body of first cervical vertebra,,UBERON:0001092,vertebral bone 1,"https://fipat.library.dal.ca/ta2/, ISBN:9780323393225"
skeleton,https://purl.org/ccf/ASCTB-TEMP_vertebral-body-of-first-lumbar-vertebra,vertebral body of first lumbar vertebra,,UBERON:0004617,lumbar vertebra 1,"https://fipat.library.dal.ca/ta2/, ISBN:9780323393225"
skeleton,https://purl.org/ccf/ASCTB-TEMP_vertebral-body-of-first-thoracic-vertebra,vertebral body of first thoracic vertebra,,UBERON:0004626,thoracic vertebra 1,"https://fipat.library.dal.ca/ta2/, ISBN:9780323393225"
skeleton,https://purl.org/ccf/ASCTB-TEMP_vertebral-body-of-fourth-cervical-vertebra,vertebral body of fourth cervical vertebra,,UBERON:0004613,mammalian cervical vertebra 4,"https://fipat.library.dal.ca/ta2/, ISBN:9780323393225"
skeleton,https://purl.org/ccf/ASCTB-TEMP_vertebral-body-of-fourth-lumbar-vertebra,vertebral body of fourth lumbar vertebra,,UBERON:0004620,lumbar vertebra 4,"https://fipat.library.dal.ca/ta2/, ISBN:9780323393225"
skeleton,https://purl.org/ccf/ASCTB-TEMP_vertebral-body-of-fourth-thoracic-vertebra,vertebral body of fourth thoracic vertebra,,UBERON:0004629,thoracic vertebra 4,"https://fipat.library.dal.ca/ta2/, ISBN:9780323393225"
skeleton,https://purl.org/ccf/ASCTB-TEMP_vertebral-body-of-ninth-thoracic-vertebra,vertebral body of ninth thoracic vertebra,,UBERON:0004633,thoracic vertebra 9,"https://fipat.library.dal.ca/ta2/, ISBN:9780323393225"
skeleton,https://purl.org/ccf/ASCTB-TEMP_vertebral-body-of-second-cervical-vertebra,vertebral body of second cervical vertebra,,UBERON:0001093,vertebral bone 2,"https://fipat.library.dal.ca/ta2/, ISBN:9780323393225"
skeleton,https://purl.org/ccf/ASCTB-TEMP_vertebral-body-of-second-lumbar-vertebra,vertebral body of second lumbar vertebra,,UBERON:0004618,lumbar vertebra 2,"https://fipat.library.dal.ca/ta2/, ISBN:9780323393225"
skeleton,https://purl.org/ccf/ASCTB-TEMP_vertebral-body-of-second-thoracic-vertebra,vertebral body of second thoracic vertebra,,UBERON:0004627,thoracic vertebra 2,"https://fipat.library.dal.ca/ta2/, ISBN:9780323393225"
skeleton,https://purl.org/ccf/ASCTB-TEMP_vertebral-body-of-seventh-cervical-vertebra,vertebral body of seventh cervical vertebra,,UBERON:0004616,mammalian cervical vertebra 7,"https://fipat.library.dal.ca/ta2/, ISBN:9780323393225"
skeleton,https://purl.org/ccf/ASCTB-TEMP_vertebral-body-of-seventh-thoracic-vertebra,vertebral body of seventh thoracic vertebra,,UBERON:0004632,thoracic vertebra 7,"https://fipat.library.dal.ca/ta2/, ISBN:9780323393225"
skeleton,https://purl.org/ccf/ASCTB-TEMP_vertebral-body-of-sixth-cervical-vertebra,vertebral body of sixth cervical vertebra,,UBERON:0004615,mammalian cervical vertebra 6,"https://fipat.library.dal.ca/ta2/, ISBN:9780323393225"
skeleton,https://purl.org/ccf/ASCTB-TEMP_vertebral-body-of-sixth-thoracic-vertebra,vertebral body of sixth thoracic vertebra,,UBERON:0004631,thoracic vertebra 6,"https://fipat.library.dal.ca/ta2/, ISBN:9780323393225"
skeleton,https://purl.org/ccf/ASCTB-TEMP_vertebral-body-of-tenth-thoracic-vertebra,vertebral body of tenth thoracic vertebra,,UBERON:0004634,thoracic vertebra 10,"https://fipat.library.dal.ca/ta2/, ISBN:9780323393225"
skeleton,https://purl.org/ccf/ASCTB-TEMP_vertebral-body-of-third-cervical-vertebra,vertebral body of third cervical vertebra,,UBERON:0004612,mammalian cervical vertebra 3,"https://fipat.library.dal.ca/ta2/, ISBN:9780323393225"
skeleton,https://purl.org/ccf/ASCTB-TEMP_vertebral-body-of-third-lumbar-vertebra,vertebral body of third lumbar vertebra,,UBERON:0004619,lumbar vertebra 3,"https://fipat.library.dal.ca/ta2/, ISBN:9780323393225"
skeleton,https://purl.org/ccf/ASCTB-TEMP_vertebral-body-of-third-thoracic-vertebra,vertebral body of third thoracic vertebra,,UBERON:0004628,thoracic vertebra 3,"https://fipat.library.dal.ca/ta2/, ISBN:9780323393225"
skeleton,https://purl.org/ccf/ASCTB-TEMP_vertebral-body-of-twelfth-thoracic-vertebra,vertebral body of twelfth thoracic vertebra,,UBERON:0004636,thoracic vertebra 12,"https://fipat.library.dal.ca/ta2/, ISBN:9780323393225"
skeleton,https://purl.org/ccf/ASCTB-TEMP_vertebral-foramen-of-first-cervical-vertebra,vertebral foramen of first cervical vertebra,,UBERON:0001092,vertebral bone 1,"https://fipat.library.dal.ca/ta2/, ISBN:9780323393225"
skeleton,https://purl.org/ccf/ASCTB-TEMP_vertebral-foramen-of-first-thoracic-vertebra,vertebral foramen of first thoracic vertebra,,UBERON:0004626,thoracic vertebra 1,"https://fipat.library.dal.ca/ta2/, ISBN:9780323393225"
skeleton,https://purl.org/ccf/ASCTB-TEMP_vertebral-foramen-of-second-cervical-vertebra,vertebral foramen of second cervical vertebra,,UBERON:0001093,vertebral bone 2,"https://fipat.library.dal.ca/ta2/, ISBN:9780323393225"
skeleton,https://purl.org/ccf/ASCTB-TEMP_zygomatic-process-of-squamous-part-of-temporal-bone,zygomatic process of squamous part of temporal bone,,UBERON:0001678,temporal bone,"https://fipat.library.dal.ca/ta2/, ISBN:9780323393225"
skeleton,https://purl.org/ccf/ASCTB-TEMP_zygomaticofacial-foramen-of-zygomatic-bone,zygomaticofacial foramen of zygomatic bone,,UBERON:0001683,jugal bone,"https://fipat.library.dal.ca/ta2/, ISBN:9780323393225"